-1.93948746 0.620638371 -2.18869042 -2.61052895 0.398182631 -1.90031648 -0.917189598 1.27686596 -0.275840402 -0.960631013 0.0402808189 -1.28214288 1.04794312 5.09140396 9.90987206 3.54200554 -0.0326423645 8.19610786
-2.50522542 -0.806992054 0.723567009 2.56946492 -2.66811585 -0.697386026 -0.00317978859 -0.336935759 -0.721132278 -1.85683787 -0.845641375 0.877724171 -9.64246941 6.92546463 -0.408872604 -3.49295998 -2.21877289 7.88524437
0.0313584805 -0.422947645 -0.924585104 -2.86865377 -2.63895845 1.83572412 0.760305882 0.781971693 0.70959425 -0.617030978 -1.54856884 0.665761709 -7.49436998 -4.41898632 5.33968735 -7.40204191 0.192671776 -7.06214952
2.6807878 -2.64571691 2.12861133 0.235045433 -0.320854664 0.811527252 1.77086854 -0.504924178 1.77179599 1.01747942 0.143232107 1.64916754 4.98487377 7.79190826 0.000345230103 9.8761673 5.20074463 -8.23255539
-1.26427233 0.15995121 0.829790831 1.85225987 1.74465442 0.856570721 -0.111438751 -0.740818977 1.82043147 -1.65942073 -0.4241395 1.68834066 -7.82180882 1.12167931 5.33660126 2.99711227 4.57581139 -7.81237125
2.11455989 0.947463751 -1.25004399 -0.0931594372 0.030589819 2.21874356 -1.78853035 -1.35241151 0.478829622 1.05701685 0.147285223 -1.49975812 0.825727463 -2.37440681 8.9544487 7.17708969 -6.19828224 -7.24792147
2.86334252 -3.01054835 -1.28187716 1.80921865 -0.456199884 -2.57094669 1.24880242 0.284232616 -0.777226686 -0.441027164 -1.02705669 -1.68792224 5.42549515 2.57064819 -4.65448141 9.23258781 0.416607857 -9.71200562
-2.04406762 -1.63029099 1.01147962 -1.98070598 1.11221528 0.415855646 0.355477095 0.00668978691 -1.68664598 -0.183720231 0.944519043 -1.97876692 -4.57178211 -2.46218157 -6.48569107 9.53845215 -1.65038395 8.65977097
1.97886014 2.79074693 -0.425475121 3.13344455 -2.81197572 -1.64768898 -0.942293048 1.36932969 1.98822427 1.70818329 0.127936602 1.58334088 6.09620667 -1.82483482 0.51821804 -0.213443756 0.494802475 7.61703682
3.05021834 -0.254624605 1.27136874 1.3640368 0.386339664 3.08199 -1.93475163 1.50114226 0.396858931 1.31266284 -1.32354712 -0.367713451 -3.07556105 6.84007263 4.72324944 1.98405743 1.64352798 6.36343575
-0.988362789 0.276875734 -0.597212791 0.40963912 -3.10346484 -1.71222377 -1.92032969 1.75767541 -0.909962654 -1.71804619 1.42290068 -1.55280554 -6.32996559 7.62326813 -4.43262291 -0.596200943 0.791677475 -2.22141647
-1.6654464 -1.21481884 0.462332964 -0.611500263 -0.64700079 -3.10021949 -0.863019347 0.328252554 1.71351981 1.62023735 -1.66839814 -0.768772244 9.05117035 -1.00934124 -6.72798204 -3.95846081 -4.68809032 -7.31554413
-1.01034307 2.501683 -1.88139045 0.865612268 -0.680281162 -1.73362517 1.41574574 -0.182631135 1.20420885 -1.63978612 1.08528209 -1.63523602 1.51316452 -6.14512253 -8.36548138 7.07901192 2.91065311 -1.44963932
-0.82113719 -0.781276226 -1.0759151 -1.73704469 2.75372052 1.75171113 -0.828459382 0.0861938 1.51747704 0.985069275 0.169867039 -0.899070263 7.88494492 5.14496803 -9.38763046 -1.07536507 -9.9878664 7.68441582
-0.283942699 0.386045694 -0.135394335 0.746513844 -1.85679364 0.518156767 0.733927965 -0.220274091 0.473279476 0.165039062 1.12388015 -1.0158323 -2.75613546 9.61676216 -2.95017338 6.56872368 2.70593739 4.32451439
-0.260885477 -0.26824832 -1.43556321 3.13247371 -2.31055069 -2.9117744 1.34569716 -0.651794791 -1.62939191 -1.35829926 -1.33456314 -1.89880109 -2.92530298 9.11383057 3.73260403 -6.28658581 -9.75800133 1.91175365
3.0149672 2.69205403 -1.56577253 -1.04988551 -2.16901588 -2.16047597 -0.442213416 0.926303387 1.86905932 0.554866314 -0.465132117 -1.98669338 -0.801573753 -7.81664467 -7.70218086 -6.0454874 -0.784996033 7.46050262
2.85704303 -3.05133271 -2.52039051 -1.22729158 0.745197535 0.646608591 -0.492990136 -1.87424231 1.10941172 0.630753994 -0.439229608 -1.72417569 -8.3705101 2.80258751 -8.62371445 3.82648659 -9.21264648 3.99560833
1.82468581 0.126673937 -1.35565722 2.74439216 -0.207820892 0.151037216 0.372015715 0.650043726 0.0390410423 -1.52814531 0.139146805 1.14570427 2.26163101 1.83526802 -7.62498569 -1.08413315 -0.519298553 -3.58460379
3.09858584 -2.34449506 2.79782748 -1.94476449 -2.30675244 0.193295002 0.842910528 0.568415165 -1.33841991 0.724089146 -1.85403228 -0.309962392 6.87071609 9.04526901 0.98390007 7.15646553 3.44325447 6.3643055
2.66801715 1.60547805 2.58612132 2.05289865 -2.51908588 -1.03161812 -1.41758823 -1.6516453 -0.675019145 0.00415873528 0.311833858 1.96709323 -6.15888357 -5.41427708 5.41430855 -8.40891647 -5.59062815 -5.7352047
-0.831951857 1.50042319 0.537119389 -1.43330956 1.32541203 -1.86987495 1.97969007 -0.951131463 0.391616583 -0.455970764 -1.58863747 -1.54075694 -5.95720959 2.41092491 -9.39072514 -3.05979681 1.30410957 4.98391724
-2.88782597 0.162193298 -0.509643316 -3.11374116 1.79475141 0.663886309 -1.54631269 1.33658624 1.88092566 -1.36690879 0.952280998 -1.23372209 0.364189148 5.41734123 6.14644051 1.7170105 8.30797577 -6.10883904
-1.00644898 -2.30476284 -1.90650523 -1.67822564 -3.05980945 2.02382731 -1.423823 1.76056957 0.605468512 -0.600565195 0.469230413 -1.63131487 5.80634308 -8.4870863 -6.76992512 9.51151657 1.06895065 -6.11453581
-1.98970294 -0.481930733 -0.36230588 3.11480069 -0.417743444 1.60270953 -1.3832798 1.89915609 0.758720398 -0.336467266 0.878375292 -0.788129449 5.57948017 -4.89137125 7.61483002 9.11112595 5.89689732 -9.2442627
-2.46783566 1.18918204 1.55290723 1.93583369 -0.698510408 -2.06091881 -1.57475722 0.992741823 1.95505333 0.185140848 -0.615071416 -1.00614834 -4.71682549 8.00899315 -0.668375015 9.86293411 -8.02811623 -2.12082195
2.69514585 1.57201362 -2.68867064 2.78613544 3.10951877 1.74538541 1.4569788 -1.48734248 -0.0759606361 0.239224911 -0.772167325 -0.175623178 5.60937786 -2.59537268 9.74777031 6.21500778 -5.62902021 7.6948185
-0.0778894424 0.513317585 -2.14804482 -1.20835316 -1.00243306 -2.30022526 0.549590111 -1.3801285 -1.88441539 0.165256023 0.428957939 -1.66442883 -4.10977125 2.30747795 -2.81825542 6.01387596 -9.50885963 -8.34332943
1.4524014 1.39750171 -2.69559717 -0.167044401 -0.58241415 -1.89273942 1.5362947 1.88603425 1.6669991 -0.919962525 -1.14671922 -0.10899055 -9.81099701 2.85047436 3.89104271 5.53359032 5.64183998 -5.80777168
1.16423678 2.44830585 -0.240760803 0.156649113 -2.70925975 1.6491487 -0.431152225 -1.91169524 -0.494062543 1.19292951 -1.24197865 -1.6541611 -8.55592823 9.82468414 1.66793442 -7.93223 -1.99033165 6.14619827
-0.876442194 1.98074794 -2.00498295 -0.129519224 -0.802747488 3.06961226 0.835636377 1.82147908 0.113199711 1.78782201 1.84985924 0.991989613 -4.78062534 7.53145409 1.71233559 -5.30778313 7.96773911 9.10681915
-0.872768641 -0.27620244 1.92875934 2.30372167 -1.4933461 -2.08802652 0.844628811 -1.2609539 0.252328634 0.79309392 1.75642514 -1.20334303 -7.09722424 4.71688652 9.45157242 6.10036659 7.71048737 -2.71881819
-1.39657247 1.05105901 1.23254323 0.264101505 0.190781116 1.50675797 -1.05117941 -1.13774753 -0.120844126 -0.755994678 -1.82385302 1.00913692 1.09694386 -1.36985111 -8.83115101 0.791250229 6.61239433 -9.40970039
-1.28330636 -2.29345608 3.08877921 1.3911159 3.12157035 -2.22907948 -1.60518909 1.01759338 -1.56605172 -0.609121323 -0.737594843 0.86724782 -6.32853031 -2.0163579 7.22292137 -1.55033302 0.319203377 4.66905499
-2.56104159 -2.55007339 -0.0629734993 -1.51761186 0.22540164 0.158332109 -0.170377254 -1.00131369 1.857095 -0.529442072 0.385914564 -0.745766997 -4.28462219 -2.55207586 1.66572475 -4.55629921 6.30765724 -1.82513428
-3.02469659 -1.85251534 0.231016636 -1.78171921 -2.12748194 -1.05292392 0.938189983 -0.832659245 1.61160874 -0.0437754393 0.295967817 -1.66185308 6.68352318 9.99796104 1.76618195 6.80249786 4.53259373 -4.01736307
1.1281507 -0.341040134 -2.95346546 -3.04297447 0.287309885 0.543359995 -0.780679107 -1.90869617 0.745491028 -0.198153257 1.67036033 1.62476444 4.54780388 9.67493057 -8.65050888 -4.6649766 -0.295125008 7.7624855
1.23150611 1.66186261 2.06159711 -0.61259079 -0.165115833 0.915612936 1.16435456 1.99481726 1.22010899 -0.0573351383 1.18188858 -1.58840573 8.38825607 1.29528999 -3.63230181 4.84030151 -6.84411144 -3.87877464
1.00091481 -1.23948908 3.03799415 -1.92479563 -1.17597294 1.40083051 0.0199973583 -1.98463941 -1.44743967 -0.263936758 1.62299514 -0.547192693 -8.04546928 2.05192184 2.25180626 -5.38527346 -6.57855988 -0.188262939
2.71007085 2.68502212 2.44968534 -2.64305687 1.54416394 -0.131091833 1.37858248 1.05450487 1.59410954 -1.4602499 -0.649346352 1.79423428 3.05280781 4.0710535 -5.02737141 -3.47313356 -1.23225403 4.42540741
-1.24577749 -0.544487476 1.64048743 -0.901396036 1.93771434 0.649139881 1.94038892 0.744922161 1.19048023 -0.922516942 -1.00089729 1.75693059 1.56914234 -3.83349228 -2.95325089 2.02421093 1.57362461 -8.03523827
-0.0576453209 2.04069877 0.226855755 0.342845201 -0.597110271 -0.604454994 -1.89168978 -1.74367917 0.344670534 1.09189487 -0.721526027 0.56757021 -6.81565762 6.35213089 -9.5299015 7.57227516 -8.26909733 -7.50400829
2.97225928 2.11161876 -0.163834572 1.6675241 2.07522798 -2.26695681 1.16163778 -1.84325147 -1.29346538 -0.0685869455 -1.81735063 0.697314739 -3.56025171 9.35944748 -2.26032686 -3.25921249 6.37453461 -8.00729942
1.19247794 2.35245299 2.71247268 2.07235932 -1.46812391 -0.722317457 0.216659307 0.140978813 -0.669338703 1.62785053 -0.792089462 -1.20538843 -4.41955042 6.53970718 8.3626976 -6.6867528 -7.4765172 -5.54052019
-0.261826038 2.64803386 2.57590032 -2.91727996 -1.30135059 -1.43016469 0.672995567 1.83632922 1.10846066 -1.65276432 -1.77427185 -0.99524641 1.72177696 -3.51543903 -2.98011732 -4.64245272 -2.43713474 1.76819611
-0.803148031 -2.60457969 1.04247499 -2.53078914 1.071594 1.11812282 -0.974541903 1.54877138 0.00464773178 -0.674814701 1.57578754 -0.388120532 -9.25377369 4.5434761 -3.59997845 0.789777756 1.70134449 0.994711876
-1.60419691 1.73968196 -1.66907012 -1.29627919 -2.43692923 1.82907081 -1.30188036 0.34493041 -1.60247719 -1.76418078 1.63925695 -1.57541251 7.97074318 -1.68099022 -8.08049774 -5.93316507 -9.23961639 -4.74885416
2.74557185 2.60566783 -0.352027655 -1.79401267 1.63390565 -0.639883995 1.65916586 0.501597166 0.922376394 0.487680912 1.94414568 -1.55898082 6.3408699 9.44883728 -4.06694794 -6.34248257 -0.865304947 -6.65946007
-1.62743151 -3.02443099 1.37811685 2.25399756 2.51000571 -2.7903142 -1.93069553 1.6222837 1.39889884 -0.669111848 -0.912555218 0.370095015 -9.63157368 9.49994659 4.35636616 3.16893959 -5.61280823 -2.13751793
-2.88051057 -2.77910161 -1.27647412 -1.65893388 0.269416332 1.73702312 0.840032578 0.607229233 -1.82106078 1.83082294 -0.664115071 -0.331511497 4.66031456 5.69490337 -3.89813614 2.24051952 -9.46383286 8.59056854
2.21111798 -2.02207088 2.47731185 1.39233232 -0.606841564 3.02360606 -1.500844 1.27995443 1.58573794 0.836380482 1.32916474 -1.56690252 -7.21170807 3.15878105 -2.44666386 8.20799828 -0.190581322 -8.38191795
0.571407557 1.26305318 -2.99958849 -2.41980124 -1.83131933 0.803153515 -1.4999398 -0.106110692 -1.13586271 -1.39963388 -0.971590638 0.414097548 -3.43332195 -1.866436 -2.27567387 3.96983528 -9.99345493 -8.08486843
2.19970393 1.83949208 -0.136293888 0.545858145 0.486403465 1.85676742 -1.08874822 0.431057215 -0.412442565 -0.276049256 -1.07766986 -1.60832012 -2.96258926 7.57161903 -9.79889774 -1.17002106 9.12877846 -5.95328712
3.07222247 -1.67594111 1.05914426 -0.23453927 2.7581389 1.67703032 -0.139907122 -0.587253094 1.63590264 1.89260125 -1.83373272 0.519556999 -6.56274891 8.9910965 6.22013664 -4.41763449 -5.25805855 0.666369438
-0.786032677 1.04914069 -1.05790925 -2.08154964 -0.854347229 0.31754756 1.11231041 -0.967628717 -0.259272933 0.350843906 1.63938832 1.17962098 -8.35178185 0.802069664 1.08654022 -8.45838737 -9.83681965 1.27270126
1.36058354 -0.137317657 -1.83724797 -1.63565981 -2.10203409 1.46048808 1.88516259 1.50185013 0.299122095 1.02013421 1.49052572 -1.46916628 7.48769569 3.86814213 -2.16171932 -4.57893801 3.79744625 -9.88850975
2.67565227 1.72996926 1.90909505 2.51685691 0.99246335 -1.37016487 -0.155056834 1.81576371 0.365246296 1.11249423 -1.93401408 0.605193853 0.886626244 2.65089989 -3.24588108 -8.03181934 -8.24536991 -9.15049934
-0.975162506 -2.52145028 0.648514748 0.483428717 2.93501639 -0.944285154 1.4613955 0.880141497 1.16199946 -0.631920099 -1.58244312 1.17438865 5.9003067 8.66711807 -6.85829163 3.11071491 -0.565262794 0.98486805
-2.47846556 0.4117589 -0.101880074 -1.05847931 1.6801641 2.70623136 -1.06452394 -1.72581911 0.752652884 1.55565095 -0.363169909 -1.70964742 1.62456036 -6.35814667 -1.28524208 5.43831444 -7.11211348 -9.8616991
1.33701348 -2.29918289 -2.57763076 2.78103518 1.05900598 -0.822599411 -0.378873348 -0.504149199 -1.37995124 -0.829924703 -1.64149213 0.976781368 -6.74443722 6.22481537 2.62502289 4.85073185 1.01726723 -7.38098669
-2.69574666 -2.56923008 0.859744787 -2.74505162 -1.13355684 1.2656858 -0.409255385 -1.82733691 0.298262596 0.379351854 -1.03822899 -0.567749381 -3.55344296 -0.908099174 -5.93071842 7.83923721 2.34701252 9.63799095
1.81772256 2.22890973 -1.13117599 0.299436331 -1.76323855 -2.88661718 -1.42370129 -1.95866179 -0.924385071 -1.76883578 0.954073906 0.864059687 -7.18840265 -3.42576027 6.58957481 -2.27580738 9.85152626 2.90198231
-2.96068406 0.38180542 2.3468473 -1.99997568 0.989349127 2.06775069 0.101758242 -0.504125476 1.18544364 -0.438837171 0.229262829 -0.525575042 -3.2595849 -5.05749273 -4.74168015 3.6265583 4.54282856 -4.06659031
-2.21194935 -2.08780098 -0.957417965 -0.704736471 0.255999565 -1.02647591 -0.029510498 -0.986466765 0.197047234 0.420759201 0.385261536 -1.76243436 0.880062103 2.65359974 -4.45087242 0.0749034882 -3.59740448 -1.16251469
-0.655663729 -2.13127947 -2.80914259 1.66046405 -1.41284168 -0.645992756 -0.330651283 1.36406112 -0.681278229 -1.45865691 -1.91236961 0.853030682 -7.35690403 4.68259811 8.01439095 0.213470459 -3.60728455 -5.4350605
1.00593734 -1.98919845 -2.76783252 2.05580163 1.68355203 1.88719344 -0.736958861 0.106972694 -1.20066845 1.84305859 -1.42885876 1.06525159 1.69046021 -3.75881958 -2.03656578 2.14189434 -8.60134983 1.22183609
-0.941654205 0.372462273 -1.68174255 -1.06046724 -2.86336637 2.24906278 0.437702894 -1.06391072 1.95981288 0.763845205 -0.666314483 -0.96419549 4.82884312 -0.392245293 6.25767517 -6.14873552 7.40865326 -3.03936911
1.73803878 -0.688855648 2.70588136 1.44787812 1.68611979 -2.41440344 1.01821542 -1.38246679 -1.96574175 -1.14818466 -0.513534427 1.50945091 -4.62434816 -6.79515409 9.41958237 9.28822136 2.01217461 -4.9824481
-2.50773978 -2.51035237 2.66536832 -0.302636147 3.02821898 2.5396564 -0.272818327 0.88196826 1.12141132 -0.389949918 0.184765577 -0.0162352324 4.00530243 -6.74373817 7.69631195 -2.7540226 3.19010925 7.81241798
-1.99044454 -2.57702446 -1.54805946 2.87772393 -2.25446773 -2.39765882 1.0170176 -0.180558801 -0.667513967 -0.663621068 -0.659988403 0.782159328 -8.76006985 -6.57080364 -7.3691082 3.2623558 -5.119277 9.99934769
-1.6308856 0.463376522 -2.3834548 -1.84215486 1.57353044 0.458626509 1.13821125 0.684570789 1.86308765 -1.23168838 0.924001694 -0.93713057 2.98846149 -6.74091053 5.19359684 -4.70734596 -2.90685272 1.49254894
2.86209512 -2.08119893 0.437450171 3.13283849 3.11231685 0.422254324 0.962620258 -0.471458316 -0.925612569 1.81376243 0.470366001 0.7219944 2.33836269 6.69273186 -4.02232599 3.64177799 -5.02742577 -8.60050774
1.03928924 0.495560169 2.16513991 -2.32409954 1.38718772 -1.70766068 1.65374994 1.08027673 1.84650373 -1.6604315 0.487602711 0.717646837 7.96100998 -8.16961861 -2.39541292 -2.6027441 -9.18884563 -3.39343739
1.86408162 1.62453389 -2.96020412 0.282638311 -2.2512548 -1.17888069 -1.71646142 -0.145608544 -0.787707329 1.45807099 -1.91629267 0.536294699 0.284574509 -1.13912964 0.256496429 6.81399727 -2.35548496 5.69848251
0.571363688 0.643971682 2.41271377 0.315491199 1.72991109 -2.94289708 -1.82041597 1.2106688 -0.16772759 1.40156817 -1.50812614 -1.22821152 -6.16968918 4.90065479 8.32095337 -2.15814877 -9.03268051 -7.79698849
-2.262151 0.426138163 0.166394711 1.66504264 -0.658071518 -0.792039156 0.832117558 -1.09262025 0.139511108 -1.23022509 -1.93682098 -1.25009012 -7.84809017 -0.387824059 0.0899171829 -2.05680275 -7.70027542 -7.43995094
-1.10716915 -2.07752657 2.48998141 -1.54322255 -1.1446954 -0.436109543 0.260864973 0.826764345 -0.712902069 0.769258976 1.18078852 -0.844680309 3.98646736 4.57158279 4.74537754 4.38941383 -0.728934288 -8.32146168
-0.574840784 2.51414609 -3.12904453 -1.45408857 0.777847767 1.10762334 -0.430164933 -1.17559862 -0.324144602 0.684644699 0.21992898 1.84245086 6.58224678 -1.95470238 -6.57165766 6.00788498 1.81885719 -0.716995239
-0.66356945 -1.19608378 0.195051193 0.833799362 -2.58586097 0.308063984 0.293117046 1.28188229 1.9584713 0.497699499 0.299742222 0.376585245 5.86439323 0.535302162 -0.788496017 8.94491005 -3.27754688 5.2696228
2.00634742 -0.489688635 1.29778838 -0.569177628 -2.58872294 -0.388629436 1.15278983 1.92336369 0.999346256 0.081148386 0.487187862 0.810854673 -8.43792915 -9.34092426 5.57460594 -1.32974911 6.61437035 -5.97231245
0.106568336 -0.699053526 -0.0729892254 2.59914041 3.02031589 -1.54325199 -0.252806902 -0.722666502 -0.146618485 -0.591022253 -1.35266554 0.431949377 4.87436676 2.81833553 8.49051094 3.79821777 7.4126606 -5.6141777
-1.44076157 1.660743 1.76380515 2.18215203 -2.57796359 1.41107345 -1.2029016 -1.4282527 -1.46606898 -0.595717192 1.35289478 -1.44645905 -5.56710815 0.523648262 5.16133499 -7.09265184 -8.13042355 -3.77826118
0.00866508484 1.50632501 2.43066955 -0.141027212 -2.44512844 -1.29212284 -0.620755672 -0.134636402 0.960624695 -0.864821434 0.223123074 0.634042501 -6.79678488 -8.09553051 3.16388988 -2.02281475 -1.88393402 -7.7544384
-2.90852141 0.0778722763 2.65085721 2.97941041 -0.549341679 0.43588829 0.448019743 1.89723325 -0.742022991 1.83120489 0.653144121 -0.992463112 -4.95612907 1.69033432 -9.88397884 6.96193886 6.57378197 8.13495445
1.7679193 -1.17324352 -0.39635253 2.01249957 -0.948540688 -0.606317282 -0.980655432 -1.87281942 -0.797063708 1.23782945 -0.254718184 -0.836676717 -0.371815681 1.74022675 5.73770618 -5.59442854 -2.66454697 5.01462555
-0.534000874 -0.910581589 -1.45201039 -1.45285249 -2.19081116 0.21668005 -1.59462798 -0.66910696 -0.807168007 -0.361894131 -1.51150823 1.34002471 9.80996132 5.47085571 3.39663696 0.525856018 -8.66215134 -4.18210077
-0.416313887 -1.99499202 3.11089492 2.55498719 1.05080342 0.862195253 1.04320121 -0.933217525 0.846698761 0.945678711 1.56355309 -1.04380631 -7.90681219 1.64308357 -4.46127796 -1.02372551 0.783791542 -1.51175308
-2.02078533 -1.53311121 0.32685256 2.45403838 -0.400806904 -1.45223582 1.88439393 1.85041952 -0.78151679 -0.695966601 -1.24993289 1.12895894 2.11774826 -1.34082413 2.51626778 7.56218147 -6.62322044 4.43397617
-0.386515617 0.877955675 1.48481774 -1.5487709 1.68046546 -2.71787977 -1.98314989 -1.12050796 1.33033895 -1.27210128 -0.12966454 0.973784208 -2.00490379 2.67912674 1.47973824 0.103689194 -3.58573437 -4.05387306
2.81382728 2.32299399 1.96807408 -3.11412096 -2.21644211 0.809141874 -1.72654283 -0.562907934 -1.46667647 0.115989447 0.0485029221 -1.52957511 -7.42768764 5.32277203 6.69794273 -5.20871544 -2.21210575 4.96832657
2.73789191 -2.85904169 2.72719598 -2.65035057 1.2102201 -2.84092665 1.58668709 -0.376726866 1.16950464 0.88415122 0.529454947 -0.581779003 -0.29742527 0.227655411 -6.45770693 8.79951668 1.16609669 0.655493736
-1.90780973 2.55136943 -0.918032646 -2.6872592 1.23213601 -2.41641021 1.62227988 -1.87319303 -1.54934764 0.924786329 -0.257758379 0.368833303 1.57487488 4.34400749 8.19960403 -6.47120857 5.47611809 -3.71969223
0.764885426 1.33554053 -1.21076834 2.96099782 -2.13387847 -2.36473465 -1.43000996 -0.561888695 -0.932040691 1.57737207 -1.77328098 1.66095686 9.86139679 -7.19530773 7.43524551 4.18599701 -1.30143929 -5.04828548
-2.15910983 2.67856383 -1.47629535 -0.102205515 -0.569211483 0.876669645 0.929948092 -1.9395529 -0.880448341 0.35491538 -0.141907692 -1.10657418 -9.17849541 4.71084118 -0.900417328 7.68780518 3.19235802 1.50063324
-1.996629 2.86099124 -1.96425164 -1.82061112 -1.87463903 1.45852637 -1.76698315 1.10262609 -1.89289117 -1.25253749 0.124635696 -0.0530866385 -3.63354397 9.22981453 2.10564518 -6.04826021 1.40833664 6.02432823
-2.46251059 -1.02318645 -2.51664948 1.91850877 2.84142137 -1.03687859 -1.54010773 0.876392603 1.55289006 1.08844924 -1.73942494 -0.0952775478 -7.79587841 9.75515366 3.62715149 0.853284836 9.18156624 4.71285057
-2.38782644 0.533442497 -0.439350605 -1.0386312 2.90351987 -0.296580791 0.948565483 -1.28123116 -0.131556511 0.667659044 -1.04280734 -0.911571622 -9.18253708 -2.44510412 -6.88343382 -6.63263798 -6.10743856 7.07028008
-2.6764133 2.42387748 -2.44977522 2.70758176 -2.86703205 2.03424191 -1.3036195 -0.152928114 -0.0104150772 -0.354070067 1.77323294 0.274606943 2.06141472 -4.08188581 4.1557703 6.50802422 8.83856583 8.38941956
0.117187023 2.83164716 -0.63008523 0.719753742 2.68183494 -1.1405313 1.21685529 1.42856646 1.09980369 0.19325161 0.024507761 0.630358458 0.959729195 -9.05583763 -5.12949276 8.75699615 -7.61864901 -1.04640579
-0.262710094 -1.35258687 1.59312367 -1.0235672 2.71445346 2.97582078 -0.286913872 0.402766466 -0.707865596 0.0406701565 0.199989796 0.015140295 -5.20978355 -7.0413866 -1.43080807 9.63917542 8.6400528 0.455396652
0.845630884 -2.12888479 2.68644595 -2.94878221 -2.63570547 -0.373692989 0.81702733 1.16886282 -1.18959785 0.451619864 -0.914412379 -0.651280165 5.26046181 4.5220356 -2.45318604 7.17848587 -0.346205711 2.64793587
-2.02333188 1.78764272 0.769194365 -2.93961668 -0.172064543 2.05486846 0.128057003 1.6223321 -1.83782625 -0.391009688 1.5723877 0.187983274 0.777170181 2.31603622 -9.96693039 -5.75725031 -7.22214222 -0.932995796
-0.0369243622 -1.12343693 -1.331985 -1.10140443 1.49982142 1.74765372 1.57330418 -1.78868496 -1.78663516 -0.602189064 1.74637818 -0.479539871 -2.18070269 -9.39353085 -1.34158707 6.29746819 4.32382679 -4.09484959
-0.0540530682 2.90637755 -2.43018198 -2.91793108 -1.09943914 2.75797009 -0.834236145 -0.213682175 -0.657883644 1.70784783 -1.29485154 -0.903233886 -0.485116005 3.15084076 -2.63704777 -8.20273495 1.98736382 9.9711132
0.702147484 2.54197907 -0.107971191 0.5405581 0.100060463 2.30303836 -1.97418332 1.62610579 -1.34945607 1.29710221 -0.823093891 -0.938614607 -2.9866643 7.00024796 -4.4082756 -9.54768562 0.58229351 9.70575714
1.47941232 -2.72967124 -1.37594652 -2.30057979 1.40194297 2.48116994 1.5153718 1.80007267 -1.69547772 0.817437649 -1.71241677 -1.83978426 6.57432365 -1.28001118 3.64084625 0.391719818 -5.06318521 -0.326381683
-0.202818871 0.234433174 -0.573942184 0.443088531 -0.456998825 -0.284915686 0.728815317 -1.31689286 0.791524649 1.76321721 -0.000255346298 1.154006 3.49129295 -4.74680328 7.31547928 8.64249992 4.72730255 1.46435547
-0.323582411 0.14865756 -1.6984098 2.06155181 -1.10047245 0.549320936 1.48866367 -1.00441635 1.11050439 0.180085182 1.68036342 0.776032448 -0.812936783 1.36188412 7.83392906 -2.65817928 -6.12696838 0.253383636
-0.556141853 -2.29374886 1.39593148 1.93721509 -1.75429332 -0.542058229 0.278149128 0.556595564 1.21171784 0.506993532 1.58186293 -1.21531832 -3.04599857 2.00172424 3.88216782 -7.07021332 9.72952652 -7.05312252
1.00219417 2.53228259 -0.0579032898 0.976983786 1.98382878 -0.820343256 0.795862436 -1.29290509 -0.825004697 0.169660807 -1.59401441 -0.109477997 7.17604828 -2.03631163 0.832828522 -0.368855476 -9.4493742 3.30741978
-1.94163501 0.690471888 2.79775834 -2.4860754 -2.03884578 -0.316093445 0.126988411 0.0590834618 -1.11718941 1.60304284 1.73993421 -0.742042422 -4.3919363 0.788725853 8.14565849 6.90802574 -8.82530594 8.6422863
-0.936020613 3.12245393 -2.50840282 1.72154307 1.62306094 3.02721381 0.118918419 -1.54774642 0.817123652 1.54074955 0.769714355 1.89810228 1.05224514 8.13990784 8.04319 0.542470932 7.52599907 -6.86495066
-2.41989493 -1.59548783 0.869824171 -1.83842969 0.396222115 -1.83687067 -1.70373392 0.337679625 -1.78074253 1.03005719 -0.669907451 -0.5748384 7.66086769 0.46090126 -7.83239841 9.1909771 -3.98718452 -2.89291859
0.795916319 -1.95739937 -0.209040165 -1.8835119 0.572894573 0.998271704 -1.48495626 0.378628492 -0.596754313 0.883967161 1.52821136 -1.67715335 -3.41514874 -0.729634285 -8.00467205 6.00123405 4.46597576 4.04450607
2.10740209 -2.25918913 1.15286994 2.31323409 2.75346875 1.95878863 1.80853558 1.28633308 -0.495348215 1.01267648 1.87662721 -0.177853703 -8.83875465 1.38763046 -9.99520493 4.03194237 -9.21908379 7.53811455
0.679334402 -1.62139606 -0.318688631 -1.31941283 0.516699553 -0.709615231 1.41682577 -1.29941607 -0.983913302 1.04449868 -0.00308036804 1.86616611 9.01641464 7.52434921 0.820755959 -6.93361378 5.86392879 -2.16980028
-3.13534951 2.58955503 2.57746863 -1.16041422 1.92423177 -1.93463647 -0.2133919 -1.57986689 1.23301172 0.768093824 1.61004758 0.835936308 0.715581894 -7.84698057 7.33044052 -9.0194149 8.45228004 -9.54975128
1.40124202 -0.426947594 -0.591161489 -0.566731453 0.299803257 -2.46167064 -0.578967452 1.89648604 -0.760710597 1.50716972 0.0523712635 0.312816381 2.03290462 -4.37542486 0.920433998 2.71429825 -4.40933275 9.91419029
-1.97695661 -2.77123857 -0.0176770687 1.95671821 -2.5174799 2.08468843 0.792844296 -1.28290844 -0.6350559 -1.28089046 -1.43718636 -0.0142549276 -0.520832062 5.11746979 -3.44545078 9.5167942 2.11882019 -0.00569248199
-2.34785748 -2.64959264 2.99098516 1.87061334 0.64874649 -1.34438479 0.243023396 0.391818523 0.944533348 0.892179489 1.15071321 1.90836287 5.33212471 -7.35644817 -6.51019764 -3.73045969 -9.8720808 0.0165481567
1.11807513 -3.06086802 2.53038621 -3.02089548 2.71348023 -1.84189928 -0.273712397 -1.78437257 -0.66436255 -1.20556939 0.190565825 1.39131594 5.72435856 4.84609509 2.22250462 -6.92547321 2.60182476 -4.38841343
1.54219985 -1.69469535 0.463639259 1.82118821 1.27963233 2.71580625 1.89461207 0.950739145 -0.661500335 1.96396279 1.79233837 -1.03047037 -6.13892078 0.445367813 -3.55141354 -7.92423534 4.11278343 9.79994965
0.884508371 1.74553132 -0.528244495 -1.14199066 -1.77621138 2.40199351 0.94833684 -1.81375098 -1.5723238 -1.75403666 1.69204044 1.48483682 6.04640579 -7.91901112 2.405056 3.53293228 4.30925274 -3.37533522
-2.29286194 -2.39091921 -0.386653423 2.42283416 -1.02446437 0.722673178 -1.10730922 0.981107712 -0.00899744034 -0.549723029 0.461440086 -0.370374799 9.84617615 -2.15589428 7.28276634 2.48959351 0.0289859772 -4.91078568
2.92147183 -1.69948459 -2.75845361 0.407994032 -0.0787017345 -0.829530954 -0.938376069 1.84747195 0.0468218327 0.105294466 -1.09766448 1.61915231 4.86551666 -4.66010332 6.96511078 -4.02492428 -6.23910809 8.60173988
-0.735365152 -1.96565533 0.796566725 -1.50389194 -1.52965844 -1.80181324 -1.19687557 1.76019335 -0.553681254 -0.0398236513 -1.66258502 0.171337366 -4.9159441 5.40981102 7.40249252 9.87994766 -7.78037786 1.17180061
-0.0766713619 -2.16016936 -2.43333101 2.06219411 -0.779450893 2.54377675 1.75419521 -0.710745215 -0.422239542 0.934384823 1.56664634 -0.843753219 -4.21825838 2.83056259 -5.81985521 -2.73206758 4.97799683 6.70247269
0.907181978 -0.407571077 -0.011043787 0.784218073 -3.1288712 -2.12875128 -1.46324325 -1.870417 0.631933451 -0.210250735 1.45495033 -1.51873982 8.27039146 -0.369944572 -8.59871292 -6.12236214 1.58871174 -6.5621438
1.53187108 1.04040504 1.74377704 -0.107453346 2.57902265 1.39124894 1.51070905 -0.433769107 0.245510578 1.00491905 1.53892779 0.075206995 1.01598263 5.8336153 -1.73764992 -6.41025686 3.30590153 -6.23990154
2.97346854 -0.657430887 -1.91102183 1.20716929 2.69353938 2.06971335 1.01480103 -0.419140577 -0.348699689 -0.28121388 -0.567456007 -1.88820648 -8.70491505 -8.81194973 -3.84703398 2.71902275 9.33431053 6.18497086
0.509769201 1.9779923 1.51065898 -2.96512699 -1.78561485 -3.12218976 0.141335011 -0.192573905 -1.80186319 -1.5541898 1.56502509 0.961467743 2.1792078 -7.65226793 -2.30510616 -0.945962906 5.20176125 -1.57244492
1.89170241 -0.475213766 -0.490179777 1.1444366 1.86226201 -0.910769939 -0.361465931 0.304368258 -0.109769821 -0.860109687 -1.72713852 -0.500166059 -0.1086483 -3.2599802 1.67982864 -5.90661001 -0.414468765 8.37735748
0.472299337 0.0113220215 1.38842893 1.96591783 1.03939033 -0.624283791 1.63111234 -1.94052839 -0.866096139 -0.9718467 -0.256190419 -1.79912734 -2.73189116 -0.793372154 -2.01335049 -2.51267242 9.55488205 5.67599297
2.08409667 -3.1071372 -1.88756549 -1.12830377 -0.428269863 -2.94429612 1.5717113 -1.01473999 1.99271011 -0.976231098 -0.758854985 -1.03097498 -6.11516428 -5.36615372 -2.82799006 3.75398159 -7.28211212 -6.82612038
2.4614861 0.537958384 2.27981877 -1.52055442 1.61566663 1.88380647 1.60311794 1.33997917 -1.36323977 -1.87692153 -0.855790377 0.90071702 5.36053467 8.58584976 9.82541847 0.779262543 1.40052795 0.278105736
-0.966876984 -2.23144722 1.23698592 -2.02618647 -0.580895901 -2.59255338 0.174991131 0.016212225 0.396829367 0.967347383 -1.84878623 -1.97338188 -5.28090048 1.77906227 -6.71875238 -5.3923645 1.32757092 -4.43535233
1.87581038 -1.67887616 1.83885407 2.76737142 1.62993598 -0.805824757 0.840215921 0.839592934 -0.578174949 -0.712284803 -1.04225588 -0.213097572 -8.11960602 -4.19925737 -3.91014528 0.0278186798 -9.11339855 1.32552528
-2.95425344 0.765690804 -1.76362014 1.88172889 -1.72680092 1.5936482 1.38015532 1.1305089 -0.816369176 -1.94007826 0.634688854 -1.93289447 -0.234269142 3.8952446 -8.5731039 -0.922850609 3.4020319 3.47835445
1.78077579 0.0584406853 1.4799993 -0.312953234 -0.438033342 -2.6212678 1.40521502 -1.3972981 -0.964785099 1.9736135 -1.65490365 -0.434102178 3.56555939 8.66889381 -6.74311161 -2.8208313 -2.24327564 5.58370781
-1.14297092 0.857624769 -0.493993998 0.539525986 -1.84637368 -3.13854289 -1.10587811 0.00162339211 -0.777424455 -0.112762928 -1.45313025 -1.72626042 9.25656891 -6.41568851 6.36629105 -4.84776497 -9.35346222 8.46106911
1.48072362 0.410480022 1.89474559 -2.79791927 -1.26772594 -1.86249781 -0.206521392 0.939560413 1.38087463 -0.530444264 0.0925850868 -0.804336667 8.61870003 -1.79149628 -9.82603073 2.64397049 6.75007629 3.75324821
0.0365138054 -1.95288157 -1.83024418 -2.98646736 2.76649976 -1.56206906 0.444283724 -1.60006273 0.634268999 -0.5370152 -1.16549611 -0.753311992 6.86637497 4.52902985 -4.1158247 6.70219803 0.778110504 -3.64511728
-2.40437293 -0.496251822 1.63340306 -0.4481709 -0.600641012 -0.409318924 -0.999429941 -0.128993273 -0.748146653 0.595948935 1.91949606 -0.324692369 1.90359592 -4.54230118 -5.02871323 -4.99398613 -9.89546108 -2.96278572
-0.0970327854 1.38126636 -0.197738647 0.134644747 2.58188605 -1.84029019 0.741751909 0.952467442 -1.1182704 0.400610209 0.197432518 -1.02447724 -7.96384859 0.464173317 6.85993767 1.47046947 -4.03052092 0.67533493
-2.40125561 -1.1265583 -0.53838253 -2.40797734 0.634269714 2.10164762 1.98368216 -1.29781795 1.95690489 -0.0508764982 1.12316585 -1.78876984 -8.83897018 -1.11545372 -0.514928818 -7.21312141 -1.21851349 7.23252106
0.0513298512 0.888602972 1.76131511 -2.05295706 -0.438504457 -1.76855552 -0.613640308 0.736061096 -0.416077614 1.96029329 -1.66955888 -1.16350448 -8.70445538 6.6918087 -2.87290812 7.69398689 -3.54236698 -8.87098312
-1.03469539 0.71782279 2.48798776 1.46137309 0.492688417 2.81610703 0.733861923 -1.78594804 1.30481696 1.0256505 -0.450934768 -0.763321519 -0.407141685 -5.48526001 -2.01543808 -6.61507607 2.40909958 3.68111134
0.950465441 -1.63300335 -1.75245762 1.36208367 1.66812348 0.273484945 -1.03563333 -0.822663665 1.90961361 1.18650746 -1.24762058 0.197993279 -6.08414936 7.06692886 3.52936745 -5.18515253 -8.28422832 7.32578278
-3.12500501 2.29531598 -0.446016073 0.0123677254 -1.3147732 -0.904568434 1.50644708 1.68150854 -0.866023183 1.97075367 -1.61520362 0.141841173 -6.09043217 8.5526619 -5.41610479 5.20764446 -5.28178787 -2.8135128
-1.21319103 -1.03481698 1.72043586 1.17575717 -0.915058136 1.12478328 -0.337284565 -1.77606595 -0.382259846 1.86591315 -0.75027597 1.8377707 0.917741776 -2.91940784 -8.20711517 -3.33738565 8.88774681 -8.98556805
3.10052896 0.203785419 0.133425951 0.00263118744 1.18182969 2.36106992 -1.18064642 1.5461936 1.66380692 0.842213869 0.181655169 1.14902592 4.59081745 5.86671257 -7.43284655 -8.56704617 -2.67009783 -0.396011353
-2.76927876 1.21996045 -2.19113922 0.0247137547 -0.07873106 -3.10643578 0.290337086 -0.2406106 -1.14493608 1.86215186 -1.53737068 -0.488388658 9.7031765 -3.12891436 4.51661682 -2.35423803 -4.74212551 6.77622795
3.00742173 1.30094028 -1.32387805 0.222639084 -2.71294713 -0.34428668 0.18148613 1.47907281 -1.91657066 1.89130592 1.68219018 0.194649696 -7.75512123 -0.571723938 -4.73852444 4.88450146 -0.316257477 -7.48192883
2.77708173 -2.98716068 2.21217513 -0.503573656 -1.68708193 -2.4815712 0.0410137177 0.256781816 0.730126143 0.223684788 -1.2644105 1.64904642 5.88730717 -5.66756725 0.199245453 -4.10120773 5.99413776 -7.71990728
0.664011002 -1.55909824 -2.32519579 2.19661355 0.603160381 2.42336106 0.369678259 -1.48806381 0.0936083794 1.75720191 0.252934933 1.0536027 2.73026657 -4.90749121 2.51775646 2.80350304 -6.22018719 -1.44672012
2.974859 0.364428997 1.35242915 1.20447564 2.28607583 -0.634605646 -1.82893491 0.0215394497 0.000481843948 -0.501439452 1.33577394 -0.0612108707 -2.16389847 0.732151031 -9.63991356 8.75127792 9.37168884 1.24371052
-0.660389185 -1.87205052 -0.465818644 -2.32973742 -1.72678077 -1.37360549 0.845657587 -0.307499409 -1.77599323 1.79023814 -0.465284944 -1.97783458 7.75538635 -8.21824169 6.060606 -2.14754057 -3.39356661 7.05278969
0.0297927856 1.21380925 -0.0122601986 -2.7247293 -0.309027433 0.343215942 -0.761543036 -1.2510829 0.254273891 1.77681398 -0.0564380884 -0.565641999 -6.2603178 -2.21733284 4.17895889 2.1294384 -4.92846966 -9.0429821
0.168729305 -1.83987987 -2.27062535 -1.38811076 2.82786489 -0.059221983 -0.211039186 1.13771653 0.481703281 0.1672194 1.03902531 -0.709699392 0.439874649 2.36001015 6.17191696 -1.53019047 -1.59632492 4.70557404
1.68073821 -1.35544813 -0.991341114 1.21592355 1.17346263 -0.00038433075 -0.995451331 0.692385674 1.71073937 -0.733093619 0.460748672 -0.753388643 -4.09820843 2.01518822 0.555395126 -0.0258665085 9.51993752 -9.93521404
1.44442916 -1.40295744 3.05850816 1.69746423 -2.15628242 2.25374961 -1.24205422 -0.250858665 1.62568831 -1.10318935 0.56607461 -0.611796021 2.05549812 -5.08033514 9.89127922 3.8053236 9.30202293 4.21665955
0.521193981 -2.05860138 2.89248872 2.17620158 2.95494723 1.99312186 0.437633514 -0.93757093 1.29824734 1.79241681 0.815947533 1.75711894 -9.14124966 -3.77845526 3.32136059 -3.90812778 -4.302948 -8.51668262
0.457169771 -0.351868391 2.35443091 -2.7013979 2.84374738 0.977912188 -1.88569736 -1.64830112 0.903799295 1.69160128 -1.41279483 0.0454478264 4.62053204 1.54076099 5.51485157 -6.56963491 -9.31239033 0.608192444
-1.76858211 -1.3666234 -0.265450001 -1.53472912 -2.02501059 0.86377883 -1.40556145 0.171828032 0.849834204 1.01802921 -1.08701396 -0.182406545 0.277069092 -9.73288441 6.87405014 -2.27326775 5.83465767 4.10809135
0.62866807 1.64476323 -1.62325346 -2.5338819 0.640924215 3.10493398 1.75254917 1.11688399 -0.248121262 -0.106603265 0.810732603 -1.78202665 0.859808922 4.60216427 -2.34733963 9.17729187 4.27471733 1.10079002
0.942857027 -1.39920008 2.85389161 -3.02716208 -1.58971286 -2.88931537 1.76688981 -1.59901357 -0.124891162 -1.06086206 1.06000876 -0.0183429718 -2.72593498 1.33933926 -3.32314253 -4.37862587 0.839597702 -6.34363794
-2.39052939 -1.46617937 1.85073829 1.75284696 2.03889441 2.72276711 0.584905148 0.196678638 -0.513413548 -1.21363044 -0.218319535 -1.75120139 -7.44218302 5.29735184 -1.28488159 -3.76627445 -9.74147606 6.97240639
-1.29368198 -1.06149459 -0.328835249 -1.11590934 -0.441460133 0.745086908 1.83765984 1.20289683 -1.18203938 -0.508239746 -1.02385068 0.769004822 7.07388878 -4.7901969 3.58242226 -8.36302185 6.9803772 -6.50924683
-2.41151094 -1.89757156 2.74414086 -1.78660488 -1.41014969 -1.94282734 0.353337526 -0.680288553 -1.59137845 0.863178968 0.848731279 1.09450126 -0.396009445 5.83459282 0.852440834 -8.47801971 -5.99620438 7.58903313
2.8769362 1.69128776 1.00528884 -2.30746031 0.568635702 -2.78408527 -1.01725602 1.11458087 -0.940445065 -0.91297543 -1.50314224 -1.90744472 5.33692169 -9.58544731 6.02498055 7.51693153 1.60617065 6.80952263
-1.37157583 -2.34261918 1.83494735 2.40527368 -2.98420048 -3.1240263 0.846396923 1.59038591 -1.01248908 0.0286824703 -1.05726171 1.30015278 -0.12614727 -1.77500439 0.667653084 -2.74680901 -7.10301971 -0.883857727
-0.681053877 1.98528838 -0.734027863 1.10828805 0.500547409 -0.534175158 1.23082709 0.80963254 -1.99598956 -0.823376894 1.32561016 1.58416581 1.5244112 -6.01524019 -2.35691452 7.02881622 -9.25005531 -4.23388433
1.44350123 -2.84130549 -0.314291239 -0.0741245747 -1.50183523 0.811753273 1.842273 0.377237558 -0.266827941 1.2158432 -0.902277708 0.705665112 8.0491848 5.50137329 2.71066761 -9.10109138 -7.51435089 7.86706161
2.00639844 -2.06350946 -3.07805729 1.28557467 -2.65297508 -1.03945661 -0.908370137 -0.392080069 1.02314258 -1.07765412 -1.82486284 -1.77477133 6.6205616 -0.300671577 -5.90277195 -1.84848213 1.20801067 5.2061739
-2.08535624 -0.930573225 -1.50968409 1.38821721 -1.19842005 1.55047393 1.29051685 -0.712037086 0.609046698 1.8158586 1.03161263 1.9262569 1.62479591 -0.773848534 5.47262383 -2.59742022 -1.49435329 2.38996506
1.47114491 1.33893418 -1.32492673 0.130559921 -3.01362872 -3.05329823 0.268633127 -0.736651421 1.51904249 -0.626422286 0.157382965 -0.00845861435 -1.76418209 6.68852425 6.73327637 -9.91300201 3.11780453 -0.837617874
0.0757882595 2.64345908 -0.83340168 1.65865636 2.31536746 2.51252151 -0.159277201 -1.35221696 -1.30649209 -0.479640722 -0.207227349 1.6912446 -2.37521267 -8.10608864 8.16515923 -8.17359447 3.44026756 8.06402016
2.54811788 -2.26122761 2.94643235 -1.72976255 -2.21794605 0.542983532 1.9892745 0.466737986 0.945254087 0.92557168 -1.67550015 -0.0515875816 -8.16638947 -0.512033463 -5.42099857 -0.320645332 1.14861965 1.13303757
1.74892592 -2.16243577 2.08227324 1.10907388 2.76975608 1.93349767 -1.95646894 -0.778467178 -0.00355029106 0.856524229 -0.126754403 0.738390684 5.21854591 -4.59576511 0.750021935 0.633138657 2.26275349 4.84152222
-1.34409225 2.48555875 -0.695023775 0.34245491 0.126665354 -3.04655981 -0.930395484 -0.225633383 -1.65655482 0.315082788 -0.0801486969 -0.750440001 -1.4290123 -1.2546463 3.51106071 -1.32307053 0.95846653 -3.11670303
0.501328945 0.747625828 -1.31069279 1.30861545 0.939110518 -2.74309158 -1.05785322 -1.44567597 1.41282105 1.71938157 -0.00801551342 -0.37344861 3.57760239 -1.04055214 3.33978176 -8.06536674 0.167100906 -2.17177868
0.899727106 -0.136333942 -1.60483146 0.567795038 -1.72980034 3.07289195 -0.344484687 -0.621094823 1.98078132 1.80163813 1.43629766 0.22394681 1.33111382 6.18218422 -2.01253319 -2.99886179 -4.48418903 -2.7564497
-1.56377983 0.514266253 -1.87710559 -2.52465081 3.04521775 2.57380509 -0.876653314 1.9608078 0.736109257 -1.73668408 1.03729463 -0.0351208448 0.547847748 -6.78884697 -6.81815338 1.97490215 2.92009258 0.944069862
-0.429132938 1.19522071 -0.539842606 -1.99090326 -2.70959496 1.65286994 -1.03134501 -0.11115706 0.533677578 1.60755014 -1.76229453 -1.555619 2.43642902 7.17348862 7.87188911 4.09262657 8.67728996 -8.00940323
0.672613621 -1.92541134 -1.45358562 2.75117421 0.700191736 2.08357787 0.60409236 -0.0861998796 -0.209625125 1.85918093 -1.65788257 -0.256934524 -5.12035894 -7.91534472 3.62404346 5.03054047 4.41055107 -0.149749756
-0.0756101608 -1.87670553 -2.06230021 1.21935153 0.127314329 1.96694016 1.5928812 -0.236310482 -0.387499928 -1.93039918 0.389067888 0.993565559 -4.1008563 9.5084362 8.22091675 -4.26623297 -1.33418941 -6.16889811
1.25298667 1.26042962 -0.216395378 -2.18445277 2.30560851 -0.570890427 -0.615724683 1.61391473 -1.19746113 0.896936655 1.96733022 0.119338512 7.3060112 -9.70624352 -5.11488485 0.765351295 -4.5294261 1.934762
2.42856956 0.0329055786 -0.294778347 -1.40136862 -0.106235743 1.12233996 1.64226842 -1.75587749 0.461862803 -0.697752237 0.446439505 -1.48896074 -6.74884653 -1.06309986 -4.2720623 6.14427376 -3.39357185 3.34349728
0.77750206 1.23660636 -2.19478989 1.37317586 2.40665698 -2.51405239 1.37528825 0.0936436653 -0.909978271 1.85876346 -1.04928613 0.621383905 -7.01628017 9.13673019 -5.98142672 6.01309967 6.04247856 9.04136086
-2.17805433 2.74492145 0.0200212002 0.288936377 2.94563699 -1.63852668 -1.0444653 -0.66056478 1.58398318 1.21778822 1.31387687 0.14862895 9.45454597 -3.06897926 0.660885811 4.96748352 7.27617264 1.32993507
1.77950931 -1.41901076 -2.7901988 -0.912150145 1.74120212 -1.02147365 -0.0708204508 0.179130554 0.234424114 1.08216047 -1.81713152 0.0869021416 -9.09058189 -7.12372732 -8.97624874 2.66394043 9.29516983 -3.29740477
-0.563702106 0.109256744 -2.17262316 0.198892355 2.85313535 -0.263242483 1.3739419 -0.999770403 -0.754542589 -0.237800241 -0.862770438 0.944610834 -7.45164871 -0.19247818 -3.91241503 -0.506440163 0.203245163 5.92741585
-1.99588931 -3.05150819 1.26566863 -1.34440219 2.54450583 -0.114017248 1.39061952 1.28107214 1.55253744 1.46636581 0.878602505 1.05434155 6.55386734 -6.21021366 4.46045685 -8.65888023 -0.982776642 -5.48421431
0.825656176 -1.57651186 -2.68668795 -0.151923656 0.824011087 -2.46314573 1.30979443 -1.15437555 -1.74460852 -1.8318181 -0.532331347 1.18910217 0.171642303 -0.744563103 1.70217514 2.81229782 4.31975746 0.801887512
3.01696372 -1.21117556 2.52922034 -1.59224689 0.154256105 -0.852613449 -1.2055223 0.311602831 -1.8846333 -1.14657974 1.27409029 1.74756193 -7.91247034 -3.56346846 3.93369675 -4.97765255 7.78931808 9.26123619
2.78584933 0.713809013 2.01876712 2.5110805 0.742740631 3.05284858 0.0402770042 -1.24488544 -0.0366704464 1.69688153 -1.37470436 -1.64034879 0.263174057 -1.37111473 2.32508659 -9.73122597 2.26699352 -3.31705761
-2.07485461 1.57183242 0.253420591 -2.42142344 -2.53998041 1.60430217 0.630480289 1.36709237 1.62109423 -1.35883927 -0.17697227 0.404360533 -4.76673555 1.98097038 9.49460602 4.14330482 -0.281503677 -5.50394154
2.99500299 0.0112674236 1.48956561 -0.66852808 -0.684289455 -0.578649521 0.688471794 -1.34307575 0.244415045 -1.10193944 -1.32939148 -1.35175335 4.5028677 0.284957886 9.66813278 4.05945396 3.16185093 3.21878242
-0.91777873 -1.24327052 -0.329397202 1.48714709 -3.05797935 1.47145104 0.978182793 -1.51872742 -0.0207495689 -1.33667171 -0.857109308 -1.69931936 0.789524078 -5.90360737 -7.44947863 2.61265373 -4.01256752 6.04825783
3.12934184 -0.599325418 1.46385741 2.92517877 -1.51009345 0.454584122 -0.594509125 -1.08783603 -1.2743609 0.591618776 -1.53247917 0.457744598 -0.271154404 1.95549202 -2.6035161 7.71503639 1.43909073 -5.72361279
-3.04409075 0.714088678 2.96356702 -2.72784781 2.20891166 0.624051094 -0.737772346 -1.70310211 -1.6857338 1.8333199 1.9096024 -1.80424118 8.15918159 8.01154709 -9.358428 2.1865139 -3.67886543 -1.02573204
2.84233356 -1.83053911 -0.407059431 2.50561881 0.161946297 0.165984631 1.53023195 -1.30962634 1.8081615 -1.23185921 0.824119329 0.890556812 -8.94055271 4.53108215 -8.40355206 -3.61094379 -7.41640472 2.50750637
-1.92559099 -3.11986828 0.22596097 1.59746957 1.94232392 2.9852407 0.555517197 -1.09715295 1.71298194 0.325225115 -0.0407081842 1.01308846 -2.33701229 6.91233826 2.5006485 5.78212738 -0.886171341 -3.65709496
1.5272963 -0.528911352 0.931601286 -2.30681252 2.62745976 1.87649989 -1.50713766 0.0648863316 -0.286855817 -0.403251886 0.773028135 1.78899908 7.53013802 5.17247772 -5.07282066 5.07891273 -1.57544994 1.87796116
1.61978841 0.704876661 0.0526447296 -0.866167545 -1.7532891 1.4972136 0.407080412 0.947860479 -1.86896908 -0.518567085 0.786515474 1.65790701 -0.358968735 -3.0267663 9.261549 -1.65319157 3.94345284 -2.55998564
1.82612109 1.53407121 2.9609549 0.853687286 -0.370774984 -3.05899096 -0.0394066572 0.30937171 1.87135005 1.98113203 1.24939704 1.51642323 -9.37168217 7.8703804 4.50247574 4.50468159 8.63353729 3.10038185
3.13392758 -2.12821531 1.10380578 2.10701013 0.132133961 -1.59598827 1.85495329 -0.242098808 1.69662714 0.0705688 0.880830765 -1.60803461 -6.66884756 -9.1445055 -6.25325489 7.1251545 -4.19748783 8.84818268
0.18049407 2.84656358 -2.7495842 -0.283635378 2.38743424 1.77120662 -0.140899777 1.82049227 1.25325537 1.3420763 0.532167435 -1.9144001 -8.86974144 7.82261276 -5.8100338 -1.8104744 -2.02629948 -2.22890568
-0.230472803 -0.632833719 2.99167323 1.65101504 -1.20449293 -1.9850688 0.823188066 1.54408479 1.60576892 0.135739565 1.03705049 -1.98697436 -3.87808752 -9.40667248 -2.85982895 -4.20368958 -5.16687584 4.47657013
0.643006563 1.19754243 0.929691553 1.31912017 0.958487749 -1.42550921 1.66989899 -1.2845552 -1.29022861 1.97301292 0.320031166 1.18622994 -9.20615005 0.398335457 6.01555443 -8.81542206 -2.00205708 3.64881992
-2.28925729 -2.02676129 -1.75277627 -0.352817774 -2.45083094 2.85230041 0.0544397831 -0.438742399 -0.726688266 -0.134078979 -0.713260174 0.74794364 -7.3136549 1.45273113 3.59947681 -8.89958191 -7.69343233 4.93297482
-0.600320339 2.35813546 0.787017107 -1.49570787 -2.51284695 -1.19463003 0.256138325 -1.51581621 1.64543605 0.802425623 1.45849705 -1.63721037 1.12438297 0.170355797 -3.95519447 6.63968849 7.12361145 -8.66058731
-2.72079062 -2.29258275 1.76955533 3.10631108 1.98521972 1.18168139 -0.691087604 -0.34651494 0.446874619 -1.1980226 -0.298664093 1.31355596 5.14021969 -9.47663975 9.12273026 0.169926643 0.50957489 5.7000103
-3.01254892 1.92388177 -1.23693192 -0.995420218 3.03472257 1.72220111 -0.235376239 -1.07928991 1.81658435 1.82303882 -1.1519978 -1.40164077 -9.73121452 7.74479485 -6.55631065 -3.91112041 -6.70743847 9.97925186
1.19145751 -2.56879425 2.17225385 -2.53099871 0.342381001 -1.64047813 1.61238813 1.36914086 -0.44702661 1.64322853 1.05987978 1.67335796 3.76976395 -3.20545197 -0.781627655 5.9665308 9.28573418 -9.40371513
-0.36741662 2.15534949 -2.54523993 -0.229125261 1.83488202 0.389091492 -0.341445088 -0.787074566 1.80441833 -0.517568946 0.0597529411 0.431243896 -9.16590691 5.607934 -8.04216003 8.29688835 6.97766304 -9.81015682
0.910459757 0.769679308 2.34437585 0.857901335 1.35415053 2.10589862 -0.0651260614 1.12773585 1.08391118 0.993303061 -1.32520962 -0.275688648 -4.63216066 1.13914013 1.23711205 1.19995117 -0.401695251 -3.03491783
-2.70173597 3.00819325 -0.536067009 1.32949901 2.47518611 -1.68267739 -1.36583281 -0.610050201 0.609431028 1.1324718 1.25522184 -0.588316917 9.35150337 6.19317245 -6.57444715 2.9752779 -0.909071922 1.29415131
-1.41532683 0.98337388 0.722496748 -0.909991264 1.82112908 2.4439919 1.37112832 0.466765404 -1.64736986 -1.13795137 -0.452165842 0.377145767 2.73617935 -9.03519249 -3.91333008 -9.59379482 5.36847878 2.05289745
2.68128991 2.71012187 1.87209582 1.08401942 3.11699414 -2.46859932 1.00815582 1.10700965 0.0638329983 -1.29728651 -1.0098021 0.25011754 8.84281349 9.14342499 -5.42478609 2.15789223 4.34098339 -7.65802097
0.245426178 -1.75795984 -0.995542765 0.311344147 0.515717983 2.6579802 0.292213678 -0.673058152 -0.541056514 0.242842674 1.79785252 -0.18501997 -7.40077305 -8.08501911 -5.39628792 5.93993664 4.07410431 -8.75290489
1.75331807 1.96493125 -1.40577304 1.11614871 1.58527017 2.69092488 1.56271482 -0.944937587 0.587848902 1.23399997 0.789067268 1.0740304 6.67257118 1.00132561 0.574127197 -2.55563021 3.43235874 -6.38514423
-2.54823399 2.14375854 1.50887036 0.0961942673 1.37138963 1.00366902 0.0628721714 0.67239356 1.07292056 -0.0772322416 -0.972750425 0.701318979 -7.32372475 -4.49191189 5.76047897 1.74319649 1.7862978 1.16225052
-3.08719707 3.11206889 0.664279938 -0.144411802 -2.71798897 0.385201931 -1.30732358 -0.859952688 -0.911781549 0.290938616 0.249429226 0.547302246 -1.87538719 -7.25692129 6.861866 -7.14233398 -5.32194328 -7.41996145
-0.857676268 -0.628797054 0.501168251 1.63293767 -1.29204476 3.08168626 -1.04526114 -1.1568253 0.0014898777 -1.27503109 0.823074341 0.366219521 1.01327133 -2.11136866 -0.820979118 7.04739761 1.58342457 9.7757988
-1.81388652 0.185746431 0.83135438 -2.81267262 2.25133109 -0.755153656 -1.65111864 -1.92941713 1.62021017 -1.91027451 -0.829524636 -0.414159417 -6.86251259 9.50754929 2.65421772 -5.43716049 1.46177387 0.683265686
-2.12760401 1.26912618 2.70527625 0.106580496 0.717867851 -2.9954071 -1.84382892 0.831228256 0.250446558 -0.671167016 -1.62342095 0.916007996 5.29295826 7.00571823 0.530931473 1.76234055 -6.5469265 -8.45167065
2.1877377 -1.70005286 2.00230527 0.492762089 -0.38644743 1.01371312 -1.08114433 0.695524693 1.58602977 -1.66402531 -1.70391881 -1.9514066 3.39276218 -8.20711136 1.77693176 -0.624995232 -7.48531723 5.36515236
-0.510656357 1.00256944 0.118597507 0.318647385 -0.732905149 1.61999488 -1.20543289 0.494663 1.42723799 -1.43204665 -0.990239501 1.65274501 9.15280151 -9.31391811 -0.620409966 8.43251228 -1.56277275 4.49393177
-1.55101454 1.3780477 1.69908547 1.50790238 0.0993967056 0.868672609 0.713656187 0.220134974 -1.46360576 0.986680031 0.340507269 1.82487941 4.49789429 -1.66076565 -0.944033623 -7.04039192 -8.89290237 3.04806519
-3.13083529 2.18285441 -0.312478781 0.811915874 0.879277945 2.42207599 -0.0491069555 0.937112093 0.439505577 1.81437564 0.863370657 -1.69481564 6.00453949 0.0498781204 -0.684370995 3.7405386 5.74518299 1.21227264
-2.34312344 -1.39072931 -2.41056824 -0.217268705 0.738430023 0.903052568 1.46633887 -0.186492443 -0.656414866 -0.0344542265 -1.33338284 1.53397012 -0.124093056 -9.67929935 -4.31555557 4.85885429 -3.5818491 2.34034538
3.1002605 1.49117684 2.407161 -2.00784564 2.19206214 0.864426851 -0.812188864 -0.335051417 -0.290757537 1.91790175 0.41138196 1.31126094 -1.72317314 4.49936676 -9.88413048 3.54122162 -0.0517854691 0.947242737
1.63303304 -0.873503923 1.20240188 1.46896672 -0.251753569 0.39541173 -0.690973163 0.96872592 -1.66845822 1.96128321 0.54615283 1.22677636 1.71776199 -5.17980289 -5.85847569 -4.56323576 -7.00064135 -1.36836147
-1.11827612 -2.45045948 -1.90355051 3.00470996 -0.286280394 0.646375656 0.668860197 1.45924902 1.48459268 1.15222335 0.674528599 1.42602849 -6.35092402 0.760394096 7.99651337 -8.54224396 7.36397934 2.10355949
0.583605528 -2.88045311 2.53948712 -2.56583738 2.42238784 1.72981572 -1.39060557 1.69157362 -1.36070395 -0.311376333 1.68327308 1.50617027 6.30647659 7.07405853 7.488657 -0.286341667 8.89394379 -2.31928587
0.974546194 -2.6222024 -0.00604724884 1.7054584 -2.94688344 0.685616493 0.640055656 0.343776703 0.0462014675 1.7259419 1.71762156 -1.86175108 9.06601715 -1.08466339 3.39035511 7.17623138 -9.05956173 -4.87217236
-2.39847875 1.97262502 -1.11715937 2.98590159 0.74712944 -2.71436954 0.50141716 1.47788286 1.22771573 -1.11302543 1.22969222 -1.65922964 3.67079353 -6.70347691 3.4553957 -8.3894434 -0.348579407 -4.23430681
-1.95101929 -0.181827307 -0.793946981 -1.86332655 -3.00439739 2.66452003 1.60083032 0.695302725 -1.11522555 -1.56445885 -0.207378268 -0.746647 -4.5008173 -7.9689188 2.49654293 -9.86869335 -1.58039951 -9.78077221
-0.777801514 -0.0294017792 2.87677932 2.7927568 -0.274722815 -2.79832268 0.477446795 1.2879734 1.46590161 1.30405354 -1.83487105 -1.85311341 -7.10107994 -1.32624149 1.61597824 2.53364372 9.1003952 -3.107862
0.38702035 2.37570357 -1.08460045 -1.2908361 3.02338386 -0.48418808 -0.950510263 -0.205106258 -1.47074223 -0.97939074 -1.45767307 0.00630164146 7.5958004 -5.97113848 3.42110634 4.44738007 -2.65207529 -3.87637186
1.70396209 -0.148547411 -2.52195954 -3.04226255 0.278820515 2.07828498 0.760517359 1.62003231 -0.0255310535 1.0443666 -0.172147036 1.17048097 5.46366596 4.80335045 0.494450569 -9.68986797 4.99597359 -7.80632544
-0.362557173 0.689885378 -2.56409478 -0.64671278 -2.72727323 0.146077156 -1.14124095 1.03290629 -1.47495699 0.604075909 -0.960815787 -0.317404866 -1.1905632 6.86233711 -9.21587467 3.81201172 7.93709183 7.80468178
2.81852651 2.87195706 2.84259629 1.40839124 0.232310057 -2.61314249 -0.341426373 0.995385885 1.41124129 -0.593939424 0.190743446 0.997596264 2.5513134 -1.33468533 2.93217087 -2.66886282 -1.48443413 -2.70997429
0.401098251 -3.06295395 1.42561078 -1.90900838 1.04056287 -1.19050133 -1.02299976 1.51090169 -0.0489114523 0.287033796 -1.74017978 1.42273116 4.25253296 -4.2775898 5.33561516 -2.66392326 -9.06737137 4.90937233
-0.138567686 1.08147502 -0.00678873062 0.443758249 -2.23876977 -0.326036453 0.318016768 -0.918495655 1.15532947 -0.140415668 0.648330212 0.617171526 4.86670303 -8.07778835 -5.57891655 -5.10554457 -1.04581261 -4.08066177
3.0617249 -1.26386225 -2.57720947 2.97020364 -0.83713603 3.03877091 -1.78606462 -0.535060287 -1.03015828 1.52089739 -1.30246484 -0.55148387 -7.89477825 3.79592896 -3.07903337 -6.76165771 2.90166855 -1.66569138
-0.705327988 0.031380415 1.82355475 -0.761585951 2.59321618 -2.67794991 0.21242547 -1.66235614 -0.0306833982 1.80230546 0.605715275 1.77060175 2.87998104 7.958992 4.31130409 -1.46829891 3.10004425 -7.01865196
2.62217736 2.57408738 2.31963801 -0.374149084 -0.919366598 -0.315119505 -0.589741468 -0.191067815 -1.63421106 0.685426235 0.745144606 1.63305283 2.36883163 6.10655212 -6.61906338 1.14909554 0.559268951 9.7919693
0.677655935 -2.59444094 0.556842804 0.379487514 -2.80029678 1.46862769 -1.35961449 -0.82410872 -0.501312494 -1.27269363 -0.738543391 -0.257927775 -3.49780941 -7.82313633 2.11126709 7.95950127 -6.00755358 0.197850227
-1.10962272 -2.33777809 -1.8958689 0.850343227 1.72446132 -0.340402842 -0.485937953 -1.0384177 -1.08704162 1.49193406 0.834918499 -0.274230838 8.6115284 -0.0243959427 2.73326969 -2.16051865 -1.86248684 2.35136127
-2.83266568 -0.771493196 1.21483207 0.445745707 -1.52343297 -2.11317968 1.47097898 0.853308916 0.0464816093 -1.27990723 -1.90380728 1.0820713 -2.10983276 -4.89974499 4.67368126 6.97497749 -2.23735905 -3.8185339
-2.81492782 1.61744142 2.43184495 1.66828132 0.615441561 -2.23659277 1.19093609 -1.48223281 -0.635755658 -0.748438358 0.750929832 1.26204062 3.64631271 1.24386597 9.15869713 -7.25059128 0.889671326 7.95762634
-0.673585892 1.55769706 -1.62652493 -0.738825083 2.87491679 -1.71752775 0.240765333 1.88143563 1.08474302 0.979803562 0.940874815 -1.93894863 -4.61249542 3.46460247 1.72721958 -4.59704351 7.04316139 2.57629395
-1.47112918 2.26523042 -1.95548153 -0.367333651 -2.78237295 2.40363193 1.4776659 -0.0575989485 0.384357691 0.966076136 1.65920949 0.748241425 -8.30595016 9.04145813 7.48805428 4.83808422 -8.52369785 -5.55435133
1.1634748 -0.473178625 -0.427654982 0.416579962 1.57187772 -0.695477247 1.57604766 1.06117892 1.41112924 1.36036563 0.813109398 0.974757195 0.101463318 7.18410683 5.52567387 -7.02761459 -9.45983315 8.18011093
0.704327822 2.03879142 2.15241265 3.00668931 2.29529405 -1.87550819 -0.779677868 1.9990325 -1.30766022 -1.28861308 -1.95709527 1.83978844 -5.11685658 9.79970169 -2.88922977 -3.87585211 -6.06946182 6.05177307
2.73380542 0.781883478 -1.95586717 -0.127727985 -0.13312912 1.00843024 -0.4307096 0.170025587 -0.290884972 -0.733323097 -0.0484479666 -1.10494614 -4.00128841 -4.88365936 1.50941277 5.6038084 -0.299824715 9.03071022
0.54003644 2.80847907 -1.76515889 2.88238454 1.54044175 0.126194715 -0.0738188028 0.748021126 1.24581814 -1.54966497 -1.53053188 0.554842472 -1.38966942 0.331172943 -0.212037086 -3.29478741 9.68612289 -5.60763311
-0.887716293 -1.29164088 -1.23984277 3.05553555 -1.73674333 -0.347828388 -1.90667963 1.26274014 1.19348359 -1.01230121 -0.793502331 -1.66874599 -8.36952114 4.51874924 8.66551971 -6.30834579 6.00130653 -6.44433498
0.416078806 -0.185873985 0.847169638 -0.502684593 1.07392192 -0.363276958 0.204146147 -1.08938766 -1.65340507 0.0633649826 0.487540007 0.0521256924 1.74358368 -3.44137287 1.7612896 -5.75208664 8.64238548 -3.29820585
-2.30382013 2.00870728 -1.63500905 -2.2837553 1.32566381 2.32533908 -1.95613492 -0.54814446 1.45194101 -1.18744111 -0.446457386 0.092666626 4.14208221 -0.344305992 2.13417244 3.8978405 -5.49214363 -4.41023922
-2.35643554 -0.853578091 0.226950169 1.96827769 -2.87273765 0.309852123 1.60703135 1.64792538 -0.465560794 -1.97402453 -1.24083185 -1.89845669 -8.8210125 4.03162861 -9.16337204 -0.992542267 -2.85437155 6.14613724
-2.57308674 -1.25300884 1.55229306 -2.46254826 -0.67210412 0.930021048 1.07472968 -0.857981324 1.70738721 0.17599988 -1.42139482 -0.871986032 -7.88659716 8.07413292 2.61591148 1.06149197 3.53144455 -9.07350349
-0.733729601 2.73205876 -2.30571103 2.93849635 1.29772544 -2.07039404 -1.11635566 -1.00753534 -0.731536746 -0.953232408 0.770798922 0.934439421 -8.76657486 6.3218441 -4.34429216 -9.68110561 -2.71210384 -8.92649078
-2.13276243 1.02693963 2.55176568 -2.89429975 1.33159614 -2.56439304 1.85052657 1.69393015 1.39494395 0.268638134 -1.20173955 1.4259584 -2.66790485 -3.40804005 3.92067337 8.39750862 -6.93403101 -7.32509899
-2.36639762 0.482104778 -2.79286981 1.8276403 -0.0138533115 -3.06156874 -0.944158912 -1.10655355 0.889289618 -0.424596667 -0.0892008543 -1.89912665 9.69315338 -0.0608081818 6.47673416 3.89962769 9.45769501 3.78989792
-1.14049482 1.07357717 -2.51838613 -2.91051412 2.63916755 -2.06287384 -1.51717412 -0.505235195 -1.22573292 0.00618696213 1.51973724 -1.10457802 5.6309948 -2.82013941 5.35319901 2.76894951 6.33155632 -6.37126064
1.19132209 -3.08761358 1.64439511 1.35400939 -1.47260737 -3.12107348 -1.22174835 -0.510360003 0.752685547 0.224094629 1.67998242 -1.81356907 -8.07569885 -5.97085619 -4.53798723 6.50540543 0.493372917 4.99141216
-1.50275719 -0.852169037 -0.510558605 2.57653451 0.189517021 0.651927233 -1.34674907 0.426639557 1.20579696 -1.82476282 -0.288825989 0.242723227 0.510908127 2.48863792 9.90264702 -9.48336601 -6.97315931 1.17662334
2.96349502 2.65508628 0.0406887531 0.183499098 1.16946244 0.777281761 0.480579138 1.73229718 -1.60561705 0.759076834 -1.20803738 1.73800159 -9.09006214 2.64422607 6.86469841 4.56650925 7.84958839 4.82569504
0.089733839 -2.77611971 1.47257733 3.00834727 2.86454034 -2.54889178 -0.889065742 -0.646688104 0.666395664 1.22053957 -0.276855588 1.46989393 -0.88066864 -0.211325645 -6.50478268 5.36484623 -6.65596914 8.02540588
1.24468017 0.756846428 2.44486785 -0.72467804 1.68664098 -0.767495394 1.07677722 -1.62630963 0.0175917149 -1.78386867 0.735713959 -1.8196137 4.7147131 -4.78210354 -3.37068939 5.04261112 6.96952438 9.29172134
2.2401197 0.798382282 2.25220609 -1.8989774 -1.45889533 3.09046149 0.492551565 0.987450361 -0.328911066 -1.20952773 -0.19554925 -0.959352612 7.75529861 -6.53441334 -1.16451454 8.69834137 -3.25615168 -4.029634
2.86045384 1.47058368 1.69914746 0.075142622 2.89650559 2.69749904 -1.08266497 1.34093952 0.00214099884 1.88206291 -0.856856585 1.05261636 5.64165688 -4.39350367 -8.59597206 6.15467644 -1.70788956 -8.43847656
0.420675516 1.76293302 -0.762972116 -1.07393742 1.83186316 0.14101243 1.53123188 -0.937381029 -1.71045625 0.236468077 -0.410256267 -1.67714787 -1.50760746 4.01505089 -2.13872814 8.01914024 0.200785637 1.88352108
1.35994077 -2.3923769 2.62021279 1.90971398 -1.53320658 1.41083694 -0.937596917 -1.60470331 -0.0597412586 0.238940716 0.533757687 1.57294989 -1.59890079 7.61121941 9.74113274 9.99702072 8.68391991 -6.08587742
0.709707022 2.29355025 2.11739373 -2.73976922 2.01704717 -0.599366426 0.217855215 -1.08695722 0.704390764 -1.88622355 1.80389452 -1.96100831 1.61700249 5.37775517 -1.26049805 -9.56622314 -1.63868523 8.19654655
-0.353823423 -1.28156221 1.98644233 -2.23888516 2.65239644 -0.699870348 -0.151036143 0.567614317 1.11509347 1.90504098 -0.81851697 -1.56452036 0.776082993 -2.32792425 7.56045723 -3.68962669 1.77524757 -2.86364126
0.443407297 2.02618909 1.04835296 -3.0733223 -2.24411321 0.91506505 1.86543536 -0.831366062 0.690049648 -1.89083219 -1.06447983 -0.207523942 -9.93819714 5.80236244 8.83819771 -5.8287735 -4.20655823 -7.8207016
-1.53845978 -2.94141531 2.21743131 -2.21393275 0.799197912 -1.45564651 1.43555737 -1.67581201 -1.32031822 -1.58414996 1.87557149 0.735409975 -3.42408943 0.207919121 -5.23542166 8.4602375 -9.67708778 -2.14362431
-0.146776199 0.482844114 -0.256917953 1.98599267 -0.0957930088 1.90424848 0.240596771 1.97815275 -0.304163337 -0.0338187218 0.104073286 -0.400716424 0.419633865 -9.69599342 0.151129723 9.96401024 7.05482483 -0.931707382
-1.7583617 -2.31775403 -1.28953218 -0.945108891 -0.694630146 0.228869438 -1.66003013 -1.04407775 1.9278872 -0.903586984 -0.889394879 -0.0495800972 1.00507832 3.83918571 -7.56923771 -8.89689064 5.48539066 8.02920532
2.77759194 0.0445899963 -2.04081225 -2.40888071 -0.237148285 0.784445763 -1.61987805 0.561898947 1.24664187 0.751790285 -0.0531870127 1.02358007 -4.80728197 -6.65901995 5.16354656 -8.12755394 -5.8204751 -6.37274122
0.151790619 -2.02481651 -2.0094142 1.45315862 -2.57153296 3.12911487 -0.782196403 1.6150341 -1.10397983 -0.546794057 1.84388089 1.22310019 3.40499115 6.05454254 6.78896141 9.81615067 -3.54797268 -5.77699089
-1.05238104 -0.896631002 0.357660294 2.61791301 -2.83587742 -0.39467907 0.694715023 0.214045286 0.857892036 0.84906745 -1.93061972 1.86848378 -7.18622541 -4.07903719 -0.765118599 1.35126877 -7.96566296 -8.74100971
0.244654894 -2.07630253 -1.19812381 -2.73596239 -2.5011611 -1.74104321 1.36205435 -0.529352784 -0.150751948 0.232986212 -0.0286103487 0.439513445 -8.40385056 -6.91340017 -0.809148788 1.80920792 -7.50618887 6.8301754
2.73788333 -2.43873024 -2.64283037 -2.74194789 0.656008244 -0.137104511 -1.02603471 -1.18957448 0.991972923 -0.127829671 -0.352568507 1.06082559 -4.28587389 -4.39545393 -5.00990725 4.93302917 7.73204613 7.91590118
2.0163343 0.411586285 -0.516278267 -1.15109384 -0.236543417 3.12946153 -0.626582503 1.54569411 -0.0745587349 -1.2418232 -1.20096636 -1.69095731 0.614605904 -1.07967281 3.84536266 -6.37874746 -0.859156609 3.23953819
2.82090116 -1.36938643 -1.34374011 1.7314384 0.662821293 -1.33926785 -1.8075707 1.85346937 -1.58547974 0.63580966 -1.05395222 0.761009216 -0.197189331 -5.11273861 -0.17899704 -5.55844259 -5.0038352 -4.80412531
-2.70835352 -1.84699774 1.44684196 -0.748539209 0.559509039 0.418655396 -0.865211606 0.731081486 -0.821255326 -0.568224788 -1.04023385 1.14154744 -1.91225052 7.66599464 -7.74659109 2.84875774 -5.58916855 -5.70041895
1.34420705 1.45592713 1.82749772 1.06414962 1.77227521 0.987718344 1.76537538 1.60221386 -1.10607481 1.04815149 0.975057364 -1.20433426 -8.78864765 4.79473972 -8.28612137 1.41985703 -4.63239956 -4.80138874
-0.710430384 -2.12727976 -2.11635494 0.391850471 -1.63937438 -1.04121637 1.75165296 1.62364054 0.146674871 1.90220118 0.757922173 -1.17997479 5.90688324 -0.150567055 1.0706625 6.1023159 -0.999944687 -0.541728973
2.24116492 2.04108262 0.359521866 -2.66352963 -0.89730382 0.597887754 0.38360405 0.405795574 -1.86584938 -0.855971217 -0.603011966 -1.93839145 -0.265212059 4.8876009 -4.76074266 -8.10158634 4.19822502 8.28927231
-1.51684093 -0.894287348 -2.36188531 -2.24434304 1.98658586 2.75681615 0.813743114 -0.13411355 1.31964922 -0.603885651 1.97127843 0.109196424 3.58039665 3.92667961 4.54218769 8.70668221 0.999307632 -8.34093094
-0.698796511 2.07544255 -0.684405088 -1.65553725 2.22742867 -2.89400911 0.435866117 -1.54805481 -1.14513063 1.40286136 -1.53268147 0.973438978 -3.39611483 -8.29409981 -0.838026047 -5.88013601 5.57445717 -2.35476685
-3.08649516 -2.44010186 -0.0128293037 2.79471421 -2.75326037 -2.08972359 -0.964796185 1.38267636 -0.869226336 0.820461035 -0.718680978 0.508224964 1.19693661 5.43437958 -2.10975218 4.36560631 -5.78102875 -6.77515984
-2.77364588 -0.8032794 -2.84110785 2.39551425 1.95731664 -1.40621829 -0.236875415 1.72279429 1.25451398 -0.659045219 0.479197025 1.49978733 -3.07893991 -1.02681637 -6.26320362 -5.91421366 0.203432083 -0.642448425
1.66722655 -3.08718777 2.17055869 2.73146319 2.54274869 -0.452646732 0.75337553 0.3279984 -0.679120541 -1.86013806 0.722520351 0.119463921 -3.23690844 -4.08616924 -0.00771331787 -3.13292313 -9.4180088 7.867733
0.277923107 0.746703386 -1.1696291 0.343438625 2.80112481 2.93554282 -0.642386317 0.825966597 -0.694054246 -0.574672103 -1.03481579 0.138510942 0.118913651 4.02177238 7.92393112 -0.507009506 -5.76926804 -9.81373787
-1.05229163 -1.59985685 -0.410040379 -3.0970037 1.02180457 2.05242276 -0.935470104 1.02188039 -0.0913547277 1.4914422 0.730651855 0.477415323 7.57066154 9.3672924 -9.03499126 -5.08698511 -0.00791168213 7.29421043
0.183432102 1.99278951 -1.74210596 -0.939644575 -1.31220245 0.475895882 -0.0924342871 1.30136752 -1.41759551 -1.92593753 -0.736423492 1.81904626 0.343793869 -0.747216225 5.98406696 4.86864948 4.08329868 0.801420212
-2.60621166 1.63407683 1.1003139 -1.38186359 -1.43298304 -1.24916732 -1.6528641 0.189416885 1.73120308 -0.810338497 1.41943717 0.0982997417 -2.35072231 -1.76402855 7.4689846 -2.85732174 -9.6612196 -6.91092491
0.626638651 -2.37597632 0.671205282 2.13009095 -0.956236601 0.22787261 1.88168454 1.36092877 1.73439741 0.065571785 0.708813906 -0.768954515 -3.26655197 -1.61008358 -5.79280663 9.40186501 -5.32234955 4.0021019
2.18246388 -1.73112273 0.716215134 0.185529232 1.31245446 -2.68025827 1.6025753 -0.750419974 -0.90806222 -1.78908443 -0.647083879 1.93867111 0.492355347 -9.41336632 -2.8221302 5.30275726 5.09236526 -7.63624668
-0.0952496529 -1.92114639 -0.367171288 0.191255569 -2.88743711 0.0605223179 -0.116519213 -0.0534368753 1.66345501 -1.11704946 0.0904421806 -0.138693094 5.00103474 -6.80590487 -3.71092081 1.83830261 -2.17810583 -9.47729397
2.24325538 3.00196195 -1.88675964 1.59623742 -2.39254189 0.485544205 -0.458983541 1.74085259 0.917013645 0.539510012 1.48783445 -1.28008318 5.97947216 -0.0473041534 -0.728652954 2.24840641 5.02206039 -7.2761631
1.30328918 -1.92145538 2.66875434 -0.087900877 -2.53015566 -1.45594859 1.23568487 -1.47114146 -0.486832023 1.16409588 -1.63137698 -0.292990565 -1.46928024 0.323453903 -4.02688313 -3.06776333 8.25729752 3.28007698
1.83076167 -0.958725214 -0.22576189 2.85460591 -3.02197719 -0.80824852 0.375754356 1.72474337 -1.94527709 0.876455069 -1.09827423 1.25767159 -2.10349321 5.50551891 -5.92602539 3.91867542 -3.68876457 -4.24021149
-1.02817154 -1.93799579 -1.04898906 -1.2626735 2.23570514 -3.00351977 1.5370748 -1.05370414 0.659394741 0.496789217 0.873254061 1.5203104 6.14382553 -3.01431465 -0.418139458 3.38961983 8.79748535 8.50912476
0.505830526 -0.94318676 -2.02394938 0.942126036 1.26261973 2.00882983 0.838477612 -1.19750071 1.68292427 1.53482938 0.422632933 1.81761837 -8.12447166 5.65771866 3.94010544 5.23299217 8.57918739 -3.99843264
0.54885006 -2.3373189 -1.4964273 -0.595863104 0.755110979 2.1442554 -1.17230439 0.263665676 0.00463175774 -0.557070136 -0.00535702705 1.72973251 -6.8597188 3.80019951 8.00533676 1.07256985 1.64667034 -1.80776024
-2.29722261 -0.291877747 1.0601027 2.84944654 1.73394418 2.71506095 1.88395143 -1.97266006 1.42922521 -1.63142157 1.74422121 1.40185475 -4.33786011 -4.60356903 -4.52613449 -4.37705278 -9.69716835 1.74183464
2.22491145 2.07642817 2.41184068 1.00966811 -3.08548617 0.0555903912 -1.3216424 1.84591746 0.754638195 0.0813775063 0.631661654 1.21500349 6.78335381 -4.34795666 -7.41029835 -2.24173641 -1.89126396 6.53641129
-0.42559433 -1.27979827 1.76111102 -1.52873421 2.71561456 0.855447054 1.36609888 -0.868026376 0.960391998 -1.95441103 -1.92958868 -0.35872972 -3.83594894 -1.82473564 -9.5491457 4.22115421 -4.8958497 -0.573613167
-2.42594624 -1.01893973 -2.07857847 0.55347538 2.74625802 -0.857802868 1.99772215 0.23309803 0.0176186562 -1.21963787 1.20523858 0.0911235809 -2.46141338 -9.19945621 -9.85044575 -3.65624142 4.09418297 4.9465847
-0.964771271 -1.23478699 -2.23763037 -0.134687185 0.14648056 -0.902197599 -0.797768116 1.92438745 1.43436408 -1.59005713 0.49288702 0.95674324 -7.39523029 -7.4277544 -8.88857841 5.93907166 9.67716599 0.823336601
-2.34991312 -2.23424244 1.64880395 -2.72445798 -0.176537275 1.4209578 -0.687812209 1.0051868 -0.776106596 -1.04495645 1.58576393 1.16501427 9.57506371 2.93829536 -5.11239958 9.14192963 9.55604172 2.41908169
-1.73504817 0.475893974 -0.469131947 1.3253324 -1.78183055 1.21236682 -1.68555546 -1.28494906 1.07454491 -0.736534595 -0.898311019 -1.65755856 -5.95406437 3.80474091 3.28149796 0.606545448 -6.35096884 -3.93384504
-1.62944853 -3.0116725 -2.37155199 -1.47541094 1.22381854 -2.65477753 -1.16198969 -1.1026516 -0.872370362 -1.41566157 1.24595904 0.629586935 -7.80723953 7.40806389 6.23760414 7.20652199 6.8358345 8.17633247
-0.220113993 -0.971946001 0.784011126 2.57177997 -0.0956020355 1.59511685 0.249594927 -0.715358019 -0.490781188 -1.5271132 -1.83178747 -0.919686198 3.96145916 -7.47821808 8.89585114 -5.30242634 0.399549484 -2.554667
-2.4838388 0.378413439 -1.51171792 0.273943663 1.8815558 -1.04591513 -0.19392705 -0.110983253 0.645512342 -1.15636277 -1.95661485 0.582023144 5.3163414 -8.13151646 -0.516928673 1.53606224 -0.156111717 1.28037548
1.80678916 1.45826364 -1.00797296 0.290950298 -0.548509598 -2.73211575 1.61281967 -1.60828662 -1.44204783 -1.91121328 0.0603525639 -1.15138543 5.0502739 -1.78049755 9.13520813 4.36738968 0.404121399 -4.49821854
2.15178657 2.64999413 0.827272892 0.205730915 0.0501656532 -2.87444234 1.55487561 -1.94051075 1.44542909 0.000380754471 1.27068281 -0.224053979 -6.29200172 0.396199226 8.33431053 -6.38429928 -1.0975523 9.05808449
-2.71964359 -1.67443097 -0.825234413 -1.37689555 0.431962013 -1.96337759 -1.53711712 -1.64414883 1.82087731 -0.661756039 -1.62048149 1.0229032 -7.63186264 -0.410825729 -6.27207375 0.824831009 -3.14237499 4.44517517
0.0166211128 -1.54823399 -0.744387388 -1.77959538 0.506411314 -0.835997343 1.16678405 1.81130147 -0.57580018 -1.06887412 -0.59399724 0.96775198 -8.77204895 2.36717415 3.34109211 -2.7584548 -9.56177521 -5.80331373
-1.3955102 0.626270533 -0.844704628 0.91445899 -0.695964336 0.122288227 -0.423652768 -0.905270219 1.24723935 1.62524748 1.73257399 -0.896021843 1.92593575 3.79641914 -3.00944281 -5.47637606 -8.73936653 -8.89912033
0.658347368 0.144814491 0.0610074997 0.273046732 1.29949021 -2.14482307 1.13163877 1.43327785 -1.23613524 0.1076684 0.13214922 -1.67073286 -3.31271935 2.46322727 -1.83058739 -2.65507936 -6.1658535 1.91666985
-1.06837678 0.279325008 -2.43111563 0.0354092121 1.77639413 0.670698404 -0.902015448 1.21335673 -1.31515443 1.93271112 1.92865777 0.831319332 3.47659206 8.08602142 -6.60573196 4.9620285 0.271339417 -2.41773367
1.67015052 1.88788915 0.379911184 2.47074485 1.32098269 -1.32764769 -0.617519855 0.916706324 0.338373661 -1.76729918 -0.799971819 0.310158014 9.89046478 0.374407768 -0.795719147 6.15141487 1.19087982 -5.82015419
1.513973 -0.444172382 0.258615732 -0.941283226 -1.77073526 0.793372631 0.335365295 -0.184141517 1.72137713 -0.468998194 0.930251837 -0.529327393 4.95876503 -4.94022322 3.11142445 -0.162213326 -5.70710611 5.97381592
1.09166121 2.20048928 -2.31915522 1.50455213 -2.11687374 0.19638586 1.59238267 1.33646417 -0.835891843 -0.116123438 -0.852861285 1.37174177 2.96494579 -9.05385208 9.92202568 -5.56840706 -5.84979343 -9.20339203
1.1685493 1.5748899 -1.72438562 -1.93108022 -2.47547364 -1.06807756 1.15822077 -1.01905298 1.38258576 1.68167734 1.89225388 -1.05626559 5.59621334 8.49851418 5.01985741 5.64073944 6.11849022 4.00991917
2.50313926 1.4195044 0.73707056 -0.181832075 -2.65816808 2.01812053 1.37594175 -1.43626344 0.157240152 1.30032444 -0.486022234 -1.96420896 4.83124924 5.5689249 -0.466907501 8.98914337 -4.34182549 -2.09372139
-1.50937474 0.495078087 1.19973969 -2.27620769 -1.83010101 3.01417661 -0.272789598 0.0837500095 1.25176239 1.4346633 -0.880275369 -0.513609648 -3.91613531 -0.533672333 0.93967247 4.12252808 6.60749626 4.18646717
-0.393630028 1.29593873 -0.621621609 2.69659209 0.288840532 -2.95008326 -0.141105413 1.22041559 0.595975876 -0.49480474 -0.95025444 -1.53143406 -0.902413368 -8.00246334 4.77394867 4.13031483 7.35968018 -9.94080925
-1.91359615 1.52441669 -1.23264194 -2.88239241 2.95842004 1.85452676 -1.14607573 -1.0831362 1.85203338 0.214048624 -1.82392704 0.374949694 -0.791506767 -3.34711838 -1.33936596 9.96261978 -7.01165009 4.25800228
2.40472674 2.11927152 -0.270178795 2.59075236 0.109946966 -2.2765398 -0.429240465 -1.33652806 0.0627522469 -0.146181583 -1.97084808 -0.83713448 -1.51142502 2.67137051 -8.74883175 -3.66887474 -6.95127296 0.935089111
-2.6021595 -1.50652122 0.32173562 -1.07202053 2.97945619 0.471925259 0.606984377 1.25670886 1.01977348 -1.41349614 -0.111782551 -1.63208604 1.31069183 -0.987043381 -6.90089989 1.94630527 9.29218674 -3.32970238
2.28102517 2.27020001 2.20088363 2.67196918 0.692330122 2.12244534 0.363941431 -0.281242728 -0.902211785 -0.8476336 -1.36209488 -0.257799506 -3.38651228 -7.21777058 9.64044189 9.78496552 -1.78276539 3.84924984
2.88742709 0.356997252 -2.62558103 -2.72115469 1.42377257 2.68144488 -0.56322813 -0.0619294643 -1.60557604 -0.0682610273 0.384203434 1.77291751 -8.65711212 4.57133865 -0.238044739 -7.09002352 7.56159782 -3.81771612
1.68286872 1.67505431 -3.00135159 -0.888420343 1.97520757 -1.2677002 1.43320489 -0.607639074 0.0741317272 -0.554638147 -0.742128491 -1.91997504 0.928131104 6.44881058 -4.92889929 6.20735931 3.36532021 6.2931385
-2.93447328 -0.332372665 0.234945059 2.37881351 1.03303742 -2.99959373 0.350295305 0.390066624 -0.746613622 1.69251204 -1.90101278 0.489664793 3.22569275 -3.09349537 -4.2387104 -0.327514648 -0.828234673 -0.205430031
-1.12568736 -0.980928183 1.38832355 -0.0627188683 0.33664465 -1.92801428 -0.560409546 -0.272615552 1.47319245 -0.953507662 -0.862277508 -1.473032 2.11488247 -3.82989931 -5.43959093 -8.98603535 -7.65859699 7.49195671
-0.0761425495 -1.80567706 -2.69078326 1.86057544 -0.464528799 -0.778651714 -0.914951444 -1.61534333 1.79455447 1.06794024 1.49276304 0.591761827 2.09969997 3.46485138 1.68642902 -0.0245761871 8.13702965 -6.04798317
1.02904105 1.41776919 2.7427671 0.814935923 -0.923044205 -2.7410531 1.44976258 -1.84910548 -1.06268048 -1.68689334 -1.73428404 -1.50496197 -4.57569408 1.99425507 8.49297142 4.9422245 -6.3295145 0.707097054
2.23590779 0.704187393 3.05860448 1.81571031 0.554223537 -2.95263004 -1.23769236 0.451345682 -1.07587719 0.410360575 0.237017155 -1.91395581 -1.76589394 -0.793253899 -2.2006855 5.17384911 6.68310356 5.33415031
-2.01899791 1.55519748 1.48657537 2.39507794 -1.90886116 0.56125164 1.12337184 1.25882649 -1.27995229 -1.55456829 0.00983667374 1.75337315 7.40355301 -6.48264503 5.3862114 -6.38799047 -2.1667223 -7.64502907
0.800520897 0.185315847 0.584150076 1.07237363 0.293646812 -0.680615902 -0.578700662 0.554327965 -1.05653143 0.982223749 0.0581541061 -0.270150423 -6.57456493 5.59640121 -7.34212685 3.93153191 -4.85116911 -0.627755165
-0.528677702 -0.673787832 0.44989109 0.822056055 -0.852267265 1.66837382 -1.76092219 -1.77497447 -1.48957229 -0.454350829 -0.0905601978 1.96244764 6.5132885 -7.72589207 8.50401688 -5.6632576 2.63272667 -4.26129627
0.179873466 1.26214337 -2.62242985 -2.33415532 1.99375463 1.29781604 -0.426692486 -1.4025501 -1.80026114 -1.72243333 1.35296106 -0.0954653025 -3.66960907 -5.48386288 -3.05094433 9.27810669 -9.05503559 2.91551971
1.65358996 -0.0541119576 -1.16679561 2.46497989 -1.50469923 0.978783846 1.17887545 -1.04331422 0.379196405 1.33557534 -1.97044289 0.84856081 -1.44202805 7.85903168 -5.81226587 5.22380257 -2.61680222 4.87260818
2.70182824 0.304233789 1.42349315 -2.35067511 -0.555040121 1.93206811 -0.126506329 -1.77244401 0.983591557 0.919697046 1.39719391 -0.823701501 -5.05111599 -7.5538168 -5.79362965 -1.79498577 9.58184624 -2.93036079
2.66182351 -0.398437738 -1.44045913 -1.74947906 -2.85292506 -2.62598014 -0.881163478 0.277770281 0.402363062 1.38107443 -1.86778867 -0.798982978 0.346951485 -1.53717518 -6.84584761 -8.91374207 7.17426109 -6.24814701
2.31807446 1.32360673 -3.08991241 2.82407069 -2.43359089 1.75078654 -1.72818804 -1.77846789 1.05579495 0.117743492 -0.803768277 1.45738029 0.997324944 7.27277756 1.88936043 -9.0632515 -5.764328 4.15144825
-3.08852816 2.72365546 1.92931819 1.20924926 0.205663443 -2.58587432 1.10660839 1.3417716 1.13721347 0.454371214 1.71306062 1.14846253 4.22349167 -3.39303923 -0.139214516 -8.85999298 -1.75032234 -8.70219421
1.3762157 1.5622251 -1.59502339 2.6500423 -3.01380992 -2.60560226 1.16592407 -1.81749177 0.248450279 -0.793417454 0.280569553 -1.57761753 -8.27654934 -5.57338762 -2.00863934 -3.51330805 -5.69436646 -8.08726311
0.562718153 1.20244193 1.11559319 2.23046041 3.03035235 -2.16827393 0.133020878 -0.662598848 -0.96861589 -1.90621626 -1.52258897 0.28363061 0.8442173 -0.414167404 -7.01176214 -1.98526192 7.16423988 -2.70704269
-2.91651678 -2.98930502 2.8621819 -1.19043648 -1.5775528 0.638118505 -0.62891984 0.999969244 1.9946568 -0.922698259 1.09097862 -1.20104825 6.80844116 4.50715065 -3.79782581 -9.97398949 8.85519218 -3.98204803
-2.31870151 2.17948651 0.312814474 -1.02537322 0.646179676 -0.255656004 0.811654568 0.636849403 -1.01207566 -1.19982374 1.18369699 -0.65741837 5.95168877 -8.67721939 8.64276695 -7.99663591 3.15829372 -2.65673256
-2.43861961 1.48619914 3.03962731 0.228760242 -2.40154576 -2.41312647 -1.71038449 -0.945431828 -1.16673446 -0.276442051 0.757989407 -1.75900078 -3.62571239 8.17867088 1.35397911 -0.512798309 -0.067533493 9.47600365
-2.17058539 1.78959107 3.11010528 -1.86692607 -0.0944006443 2.97324491 -0.220324397 -1.74426115 -1.45249069 1.28648663 -1.97691751 -1.86943829 -3.8971386 8.53600311 -5.44352436 9.16394043 -4.67985868 8.76812172
-3.08263421 2.94967771 1.19840884 -2.56251287 -3.05324507 -1.70435667 0.0207624435 -1.48053169 1.02260971 -0.627300858 -1.42165339 -1.54105306 5.65026665 2.39058685 -0.746933937 -3.81349993 7.17285919 6.93349075
2.90972257 0.881859064 -1.46119559 3.11827254 -0.669077873 -0.136599302 -0.689035535 1.44907403 -1.17423868 1.16582608 -0.493979454 0.0543684959 -8.82017517 9.00719452 -4.20521736 7.01820755 8.34345055 9.2910614
3.03440452 -2.02304554 -1.84129202 -2.30400181 -0.816912174 -1.27446806 -1.18144894 1.77059555 -1.33458722 -0.0616759062 -0.638478398 0.356767178 -7.53749466 6.22174835 0.692810059 3.47380829 -7.03095055 6.16496086
-1.65149105 2.18171382 -0.546010494 0.276935339 2.86632419 0.572670698 0.930314064 1.77866054 -0.563842416 1.3287909 0.681005716 -0.947867393 -2.80568361 0.288058281 7.76697922 -4.41959333 1.29689312 -8.71224689
-1.22001791 2.55758071 2.41363931 0.405329704 -1.38149762 -3.09599972 -1.75918496 1.35373449 -0.220905781 0.897642851 -1.25942671 1.97906661 0.584093094 -4.87654161 -9.53889275 -2.86076927 7.45376396 -9.90659428
2.48463225 -2.9457798 -2.07841206 1.90925145 2.16166902 1.16623569 0.495662451 -1.74274516 -0.0227066278 -0.523407459 -1.52485192 -0.147825241 -0.113619804 -4.26897049 -7.98114014 -1.68966675 9.92528534 -4.48548365
-0.670064449 2.82208467 -0.74166894 0.557055235 -1.43759716 2.04866958 -1.28527069 -0.328276277 -1.67626464 -1.86352801 0.0681016445 1.24012232 -4.45480251 8.34233475 -4.63119221 8.29410744 4.78124619 7.89617348
-2.46313143 -1.22989309 -0.916448593 2.3542726 -1.06481647 3.09658313 0.905754328 0.0441131592 0.715641022 -0.39966166 1.96754813 1.18128181 -0.40119648 3.21694374 2.69852734 -6.27902699 9.73188972 5.18541908
2.0245769 1.49313569 -2.75830674 0.787026167 -1.71099508 -1.38472426 0.700537443 0.811693668 1.29207826 1.4632318 -1.04768658 0.52906847 6.55057716 1.78072739 0.608681679 -6.31195354 -5.4212985 -4.1622901
-1.55509531 -2.39447784 -0.564293623 2.90809894 -1.3256036 -1.30167484 0.558151722 -1.01072109 -0.0115705729 -1.50718081 -0.210681796 -0.726889968 7.49021339 -0.476943016 9.64904976 -9.03379631 0.500182152 3.60319328
-0.054782629 -2.20906544 2.36676145 -2.34118032 -0.819191933 0.957537889 0.427499771 -1.18254066 -1.19367456 1.81568599 -1.31374669 0.154500961 -1.4113493 -6.66576242 4.88317966 -5.71603537 -8.26461029 -6.49681234
-1.36335576 2.2342422 1.94341159 2.26341128 -1.41265678 2.5868938 -1.7245146 -0.605823398 -0.0174571276 -0.847762465 -1.88873982 1.50563741 6.63985825 -3.89692354 -8.95378399 9.50513077 -2.63765717 1.47799301
-0.872230291 0.684188128 -0.77199769 -1.09247065 -1.70735896 1.11821866 -1.29496789 0.736736774 -1.975438 1.21495795 -0.427126288 0.442961693 0.367704391 1.31485558 -5.51211786 -5.35983658 -7.66317606 -7.0734973
-0.336794615 -1.33515787 -1.43566751 1.66394019 0.265305758 -1.99593556 1.74256706 1.27420163 -1.82145309 -1.72445321 1.17959046 -1.0689975 2.65655422 -3.22421122 5.68431377 -3.60322952 9.63652039 9.40284729
-1.73611736 1.27992988 -1.28993797 -2.36266851 1.47173238 3.07366538 -0.840034008 0.66880393 1.97692323 -0.59819901 1.6236062 -1.24637115 3.61927605 -3.55587244 5.74723148 4.835186 9.6085186 -1.09598446
-1.9250294 -1.98460948 -2.80136371 -2.67857289 -2.49554539 0.93190217 -1.95604074 -0.437319875 0.288679123 0.322282076 1.84818888 -1.08915567 -7.93159962 8.135746 1.65330029 -1.50320625 1.0959425 4.66020966
1.45919871 -2.080194 2.53692889 3.10686755 -1.25874066 1.37163663 0.907833338 -0.810608268 -1.69221795 0.640224218 1.21442699 0.267424345 5.84929562 8.85393143 -8.22578907 1.05574989 -5.91901827 -9.65672016
-2.76723862 -1.18841004 2.20288587 0.742983818 -1.12849474 -0.497677088 1.74336123 1.799757 -1.00745404 1.70535064 1.2942102 1.56110668 2.19273567 3.48790741 -4.31623268 0.858386993 8.31486511 0.420352936
-0.798401117 2.93032861 0.674004555 -2.69587994 0.309504271 -0.867216825 1.59402418 -0.819887877 -1.34493732 -0.432674289 0.913947344 1.58976102 -2.23095894 8.94768524 -3.55301952 -8.96754169 9.3311348 8.46292686
-2.74671388 1.29300427 -1.43121123 -0.609637976 -1.60932779 -1.91293752 -1.75446999 1.793962 -0.107380152 -1.86990309 -0.418722391 -0.804473639 3.62468624 -5.71272755 9.47115707 -2.19810867 5.92315197 4.55448151
-1.81285632 1.69681191 -2.55398583 -0.204803944 -0.720196962 -0.343756199 1.96115661 -0.781895995 1.15173054 0.741610527 1.88236785 1.2452023 1.33450031 -8.82003593 -8.43605137 -9.41998196 5.23312664 6.16007614
-0.538388252 2.01661658 0.487223148 0.154214621 -2.13617802 1.38197398 0.534345388 -1.41342831 -1.36858058 -0.893211484 1.15296555 0.497520924 -5.77985811 4.86795616 -9.14875984 -3.12442112 1.81843948 -8.51943398
2.9887836 0.457450867 -2.32325912 -0.414288044 -0.0164656639 -1.43643653 -0.805904269 0.0284378529 -0.0754306316 -0.329995632 1.99717999 1.29598522 4.16501427 2.27230263 4.26555538 3.7390995 -9.34681797 1.19957447
-0.180081844 1.84504056 2.81431794 1.15764546 -2.43281889 -2.76041651 0.961644888 0.530799389 -0.64103055 -0.110762358 1.65591025 0.252754211 8.29380989 -9.65326118 7.13766479 -5.81778955 -2.80669451 4.09283161
-0.854796886 0.629301071 2.96617866 1.41141534 1.46649957 -0.0191104412 1.32430649 0.650377512 -0.285240054 0.780263186 0.336541653 -0.825523257 5.93621349 -2.70846844 -0.218618393 -3.63892651 7.69427109 -1.56327057
0.926153421 -3.06193876 1.14374995 -0.535458803 -0.195413351 -0.681108952 -1.38268614 -0.554738641 -1.28331494 0.0258038044 0.0188164711 0.858186483 0.190630913 -1.57137203 9.51104927 2.21526337 -8.31091499 4.58341408
3.08298182 1.06852841 -2.10132289 -0.960616827 0.127475739 2.96548247 1.77637768 -0.345193982 0.383993626 0.780879259 -1.31572223 -1.49284291 -6.78518486 -2.56578207 9.74578094 5.71261406 1.81075954 6.08077621
2.86196589 0.500775814 -2.09519768 -0.196802616 -1.06749892 1.89791512 -0.048760891 -1.99895751 1.85916686 0.258746624 -0.929535747 -0.83551085 4.98150921 -5.98865175 2.01682854 0.219938278 8.77279472 -3.83985043
2.94483685 2.90724635 -0.337077379 0.724662066 2.08647799 -0.212694407 -1.55411136 -0.942372322 1.26454592 1.6275537 1.06653881 -1.61416423 -3.43723822 -7.98603106 8.68008232 -6.34206915 8.41701317 1.90287113
3.12640309 0.0903935432 0.420334816 -1.50677443 -1.66258538 0.761752605 0.682290554 0.380050898 1.25811052 0.889024258 -0.733483434 1.34425211 -8.55142403 -3.25103951 2.9943428 0.195451736 -2.39647579 4.68598747
-1.33365381 0.423558474 -1.10813236 -1.97205055 0.587636709 0.671648026 -1.75544024 0.143206835 -0.97617209 0.777228832 -1.28817606 -1.34677827 9.16670227 -9.08930111 1.05913067 -0.893549919 4.77496243 5.17808151
1.58258891 2.11038375 2.14779544 -0.889729261 -0.276432514 -0.161013603 0.26813817 0.705646992 -0.83668685 -1.28949893 1.57447863 -0.716430426 -7.60016584 -0.778568268 -1.00734615 -1.90924072 1.31524563 -1.92161942
1.53275943 3.04150748 -0.104664564 -1.02422619 -2.48504639 -1.8471843 1.59652734 -0.455046654 0.317394733 0.368307352 -0.65355289 0.539949656 -2.52466726 0.645360947 -6.50242615 0.565558434 2.36863136 1.45398235
0.242473841 1.79847884 -1.12274146 1.78465581 -2.71225452 0.905622244 1.18888521 -0.0823665857 -0.735500097 1.25932908 0.232632637 1.14869928 -7.06294346 9.95027924 -8.08116627 -6.01728296 0.810886383 -5.2498045
-0.433702469 2.73490596 -0.391950846 -0.129203796 0.778327465 2.10796332 -0.410889149 1.10343361 1.35095477 -1.69766629 -1.5131669 1.63468981 -8.05857277 2.71224594 7.11791992 -7.43605661 7.90431786 8.58565903
3.05467534 0.438771725 2.03015876 0.0565438271 -0.742869377 -0.387874365 -0.0180271864 -0.379755855 0.0489628315 -1.44107151 0.249968767 1.11686707 0.0214633942 -5.48212051 2.85238075 -9.28019524 -8.87020111 -5.0104866
-1.88943207 2.09277177 -1.85632789 1.4542582 -1.58050632 -0.592444897 0.156385899 0.0949020386 0.758306503 0.885368109 0.111517906 1.94350076 -3.54626608 0.482574463 6.29603577 9.01916122 3.97754765 -3.83287191
-2.64139032 0.0323832035 2.24158216 0.64788413 3.05635571 -0.881991148 -1.3964386 0.19952178 -0.600242138 -0.98360455 1.96824574 -0.640119791 -3.3675456 -3.62142515 7.318367 -1.80133915 3.68097305 -9.25403881
2.36093354 -2.54979324 1.75849557 -2.23358274 -2.65689802 -2.26303148 0.0309023857 1.30011678 -1.93870378 -0.0482485294 -1.88431334 1.94297266 3.49854565 -3.37989759 -3.45576096 2.46865749 -9.71749973 -5.91156244
-0.0349569321 1.92820096 -0.182776928 2.45522761 1.84996629 -1.66320467 -1.88476646 1.94159651 1.62151074 -1.48538923 -1.13606477 0.202914 4.03981209 -6.14319134 6.07889557 6.61339951 2.27089119 -0.268287659
1.12480044 -2.13993692 -1.12828755 1.11538768 -1.82426059 1.10924697 0.639845133 -0.0921634436 1.67347646 0.140755653 1.72743845 1.79670906 -4.17662668 -5.07896042 0.0257768631 6.72688293 -0.446034431 -7.0945735
-0.797598124 2.62177348 2.58462453 1.59929538 -2.44531679 1.24296021 -1.84996331 1.4519043 -0.219024301 1.33906412 1.36316657 -1.4954586 6.51364899 -2.47689962 -8.43692303 4.03250313 -5.3234396 -7.37841797
0.0417616367 -2.94347954 0.743039846 2.38051486 1.45633435 3.03153062 1.48589683 -1.02004194 -1.59834802 0.925583839 -0.0312124491 -1.57476068 -6.7203474 -1.02148819 -0.705982208 2.98167801 -7.05415297 5.29086208
-2.06225777 -1.38166344 -2.09128714 -1.58091509 0.124944925 2.95530868 1.4644804 0.234063148 1.04673171 1.20138478 -0.152637601 -1.54389286 2.2261858 -7.88491678 -9.72417355 -1.52289295 6.53691673 -5.60982847
-2.43517971 2.10399842 -2.38417339 -2.56238985 -2.20515323 2.85375476 -1.12597299 -0.870544314 -0.317842245 1.80831099 1.42246413 0.33291769 1.02952099 -3.92336655 3.40008545 1.9844799 -9.83080387 2.68067455
-1.34206021 -0.215326309 2.5248816 -2.72844505 2.34577203 -0.534683943 -0.612744093 -0.0865573883 1.85492563 0.447682381 1.25839043 -0.25431788 2.57907486 -2.41481256 3.89209175 5.17085934 -2.39741516 7.81008911
1.45462584 0.6245718 2.31554723 0.263468981 2.36558747 -0.0626549721 0.451745272 1.6031127 0.938506365 1.29679465 -0.819934487 0.105059385 -8.28173161 -5.3404932 -7.18459034 4.00296974 -3.20134401 5.9764576
0.679918289 1.95017886 -1.26066256 -0.929609299 0.13034749 -1.37171686 -1.25936139 -0.787606835 1.85488153 -1.88392878 -0.681835294 -1.45238698 -0.302002907 -9.47137928 -0.206292152 -4.04319382 -8.82894516 5.50299072
-0.537653208 -2.32681489 -0.11220479 -0.860259056 0.56936121 -1.56590283 -1.36598337 0.874230862 1.40894556 1.87988138 -0.359296918 -1.09900618 6.21223831 -8.89283466 -2.94320345 1.09058857 6.25966263 7.22078323
0.114527702 0.266431093 -2.11602569 2.46728063 -1.87242508 -0.148447037 1.74334598 0.415371656 -1.83646214 0.188691378 -0.777815104 1.48757911 0.498966217 -1.55024242 8.22060394 -4.71180677 -0.786122322 5.23561573
1.2090323 -0.691819668 2.53124022 1.11416984 -2.72742867 -2.65426779 -0.868977427 1.54977393 1.36476946 0.826500177 -0.450514793 -1.00371087 -9.0357008 7.95986557 8.37001419 -5.22222233 3.3996439 0.221130371
2.4849484 1.94466615 -0.212618351 -2.76584387 1.70451856 -1.59073615 0.0580015182 1.5705986 1.95417571 0.148854494 -1.38692546 0.656386614 -6.28897953 -4.54182339 -8.78665352 -6.74869871 9.93361664 -2.89411116
1.171911 -1.54981148 0.162015438 -0.48340559 0.377109766 -0.432431459 0.608030081 1.15158081 1.74142241 -0.220189214 -0.394961596 1.10102367 5.54080391 -3.80903769 8.6305275 -5.83257866 -1.88604355 5.6493082
3.05994153 2.69533134 -2.50846028 2.09285092 1.74821544 -0.347977638 0.0878295898 -1.04644954 -0.520410061 1.12566185 1.06699872 -0.680614233 8.05372429 7.58515167 -7.65075207 2.29122066 -0.380794525 8.45291519
-3.10583663 2.0068624 1.75294042 -0.951400042 -3.02130485 -0.812725067 -1.01920128 -0.674947381 1.58296585 1.18022633 0.125099659 -1.92745948 6.59001541 4.34421635 -4.54700851 -3.42159319 9.95757103 3.4804287
2.75180745 2.05788922 -2.85393047 -1.73966885 -0.116865635 -0.312094212 0.490860224 -1.20637441 0.600690126 1.11316752 -1.45943105 -1.92328322 -7.74343634 -0.266314507 -7.94740582 -7.43039894 -6.9126749 9.26470375
1.15528083 2.5974443 -0.667423248 -2.91312504 -0.835929394 0.3525846 1.7931757 1.6563549 0.3490417 -1.93335629 0.714686871 0.706036091 -5.95762014 3.10198307 -9.49375153 7.91763496 2.71798134 -1.36157227
-2.51991129 -0.814552784 2.04407382 0.902122736 -1.06085443 -0.713533163 -0.121803284 0.798732758 -1.75889623 0.476039886 -1.46774936 1.63956404 3.53907108 -4.19514179 0.302781105 -5.14502954 -4.38684034 4.54770279
0.0642178059 1.8429935 -1.54206419 1.37970471 1.12132955 2.89633632 1.64613056 0.992742062 0.682220697 -1.68249452 1.73145103 0.304499626 2.83599949 1.70542336 -6.09554672 -6.9897933 -2.01878119 -6.40518761
2.86005998 -1.55012715 -2.26538491 0.35204792 -0.974485159 -0.243597031 -0.770713329 -1.05968189 -1.11833143 -1.53543389 -1.43337131 -1.95002329 9.44842148 -2.16522789 1.18172836 -3.33947134 4.40494919 9.33245087
-2.75074124 1.32870889 -1.66144395 3.09395289 -3.09867144 2.51420665 -0.741196275 0.606910467 0.477113724 -1.6310966 0.433429241 -1.41493797 6.78883934 -9.25831318 -2.69780636 -7.11176252 -1.1718502 8.18618393
-2.18197966 1.23076367 1.92531562 -0.4470222 2.78996682 3.0190208 1.96331477 -1.81880999 -1.56523001 -0.567929745 -1.95765316 0.463622332 -6.68146372 -9.29675388 -2.38021851 -2.41218328 -6.59756613 2.23490334
-0.209462404 -2.86101818 2.0982697 2.38542199 0.753989458 -1.47760534 -0.0491874218 1.99921393 -1.8413341 1.68289375 0.906149387 0.412613392 -5.45114517 -9.69259834 7.1520462 -2.37105656 -0.625738144 -4.31832886
0.452418804 -1.80962884 1.66808152 1.93956161 2.51706386 -2.29938293 0.358767986 0.51455307 -0.0116314888 -1.6304915 -1.24435925 -0.606952071 3.56170654 -6.21375608 8.40664101 0.069480896 -3.18680334 0.991287231
-2.92854571 -1.5081073 2.00128531 -1.27787602 -2.89412904 0.540097952 -0.0338990688 0.0179493427 -1.77715611 0.349296331 1.31036949 -0.811903358 5.65246773 3.64049435 -5.00393486 -1.06225777 -8.7862854 6.22985649
-1.86751544 -1.28510594 0.772138357 -2.26592731 -0.649568558 0.874189138 -0.410828948 -0.748010516 -1.33900881 1.15343547 0.287140131 -0.503617644 -3.75616837 -5.62746572 -9.90460968 -5.41093063 -0.546433449 2.89977169
-1.07392001 -0.512126923 -0.0681335926 -1.04953647 2.87902045 2.72964501 0.937694788 -0.694923401 0.346278191 1.12421417 1.36832404 -0.842474222 -4.32018566 6.75800896 3.64332008 -8.0579958 -5.82168102 1.2619257
-0.702919483 -1.0160954 -1.303128 -2.1118865 2.74391103 1.61609387 -0.264144301 -1.79821134 -1.76177394 0.509553671 -1.97059262 -1.54890895 -0.45700264 5.03759956 8.83273315 -4.94662189 3.27941418 -2.59354877
1.85412717 1.71047902 0.640169621 -2.28769112 -2.79714727 2.01452565 0.918951511 0.211610317 -0.514281034 1.99994922 1.37779951 -1.71276319 3.6716156 9.24349594 3.45949364 -5.4044776 -1.77129173 -8.79607964
2.79458261 -3.0511086 1.05395484 2.93223453 -1.20812857 -0.0834321976 -0.74467361 0.0214357376 0.636591196 -0.866781592 1.49672747 -0.646414995 8.94432831 -1.34644222 -6.14983511 -2.42076826 -8.25237465 -9.78587914
-2.82330728 2.75151467 -0.979888439 -1.41810906 2.93484187 -2.98704338 0.0989336967 -1.23958361 -0.175953746 -0.282729626 1.32933736 0.77827549 -9.06479549 5.67838192 3.13942719 8.04842758 -2.33905411 5.18917656
-0.455744743 -1.66013265 1.4447372 1.02696967 0.690018654 2.07661605 -0.577920556 1.87210512 0.954740524 -0.592630744 -0.788039327 -1.15820217 -7.24058914 3.44697475 8.26319695 -3.12484837 -3.40175438 -9.8836422
-0.226281166 2.08938622 3.00981498 -3.03676963 -2.36427402 -1.08833766 0.613804102 0.771576405 1.06027007 0.803061724 -1.01183558 1.72305298 -2.86964417 -4.90027618 -2.48628664 0.908017159 -0.00781917572 -7.51980591
-1.80224633 0.723947525 0.934102774 2.80354476 -2.70143867 -2.07717419 -1.52579439 0.483564377 0.0459878445 0.473396063 1.59266591 1.60344005 -1.02511978 2.62164307 -2.13426495 2.16355324 -5.35750914 -1.93678951
1.29849029 0.190819263 1.39289784 2.3885324 2.88656783 -2.44021726 -0.650383472 0.771800041 -0.337622046 0.283072472 1.49538422 1.74920988 3.59389496 -5.8177228 2.71851444 -8.82405663 5.68678951 -8.65388107
0.859413385 -1.56927705 2.62829995 -0.705622911 2.98966146 0.738439083 1.13493896 -1.02667022 1.97680855 0.0311939716 1.45241332 1.7596159 -3.10416412 5.05297661 5.09767437 0.193332672 2.9593792 5.09299469
-1.37341249 -2.87621307 -2.67455816 1.54496026 1.90276647 -3.07910156 0.540370941 1.73661518 -1.4906261 -0.39159143 -1.76586306 -0.547610521 5.22077656 5.42457581 -4.60713148 -6.37623787 7.27286911 3.45419502
2.54436803 1.81386733 1.20968127 1.12136579 -1.48117626 -0.559421778 -0.0448822975 -0.93314755 1.4380343 -1.37697542 -0.465123892 1.33948088 -5.80075359 9.8301487 4.02639484 8.55346489 1.28231049 -6.58614445
-1.97379065 0.587210894 0.728710175 -1.56286204 2.46857715 2.31532741 0.456385136 -1.82187486 -1.82792687 1.66055298 1.45055437 1.28390598 -4.54564047 -8.45102406 4.31173801 2.45485115 2.28693867 1.86716938
-2.63997507 1.68125033 2.78750062 -1.92429674 2.87888741 -0.200806379 1.54249692 1.98244429 1.09075546 -1.15025783 -1.39270246 0.148590088 5.04605198 5.92301178 -1.01100922 -6.95271492 1.25111103 7.81715965
-0.62425375 -1.8887912 -0.449318171 1.53042579 -2.15590048 -0.174362898 0.07619524 0.41910696 0.952492952 0.577152014 1.21955609 1.81478691 -3.86177778 7.2592144 -1.90900421 -2.32529926 -9.3143959 5.58862114
-2.43779373 -2.41405272 -0.272887945 0.721599102 -0.543848515 1.85604739 -1.78629041 -1.09745145 0.578032732 -0.284400463 0.422434807 1.82051587 5.03638744 5.26563549 -5.13629389 -8.16573524 6.51194382 -1.88605499
2.65991807 1.97020459 0.415302038 -1.54416382 1.25330758 -0.0731518269 1.50637436 -0.94066 1.35000753 1.429847 1.278929 -1.86323678 -6.55137062 8.59926987 4.40597534 -7.3299408 1.25165176 3.83385563
-0.990062714 1.63125539 -2.34964275 -0.337872982 1.80956531 -0.085817337 0.285525322 -1.80924988 -1.68480432 -0.925868988 1.40194774 -0.591994762 -6.98142624 -6.82279682 6.39626694 0.587427139 -5.17330551 -2.41633463
-2.12593603 -2.10083628 2.05425763 2.58508325 2.39519334 -2.36310244 -0.611293674 1.64048648 -1.18753302 1.16160679 1.26938319 1.94074368 -0.765775681 -0.789885521 0.0750627518 6.86031723 0.672117233 -3.62704802
0.618116856 -2.58468676 -0.460026503 0.0534410477 -1.38520718 -0.855896235 -0.626081586 1.31479692 -0.0539698601 -0.452446103 -0.301634789 1.90639734 -9.90429688 4.04632187 -3.14136124 6.32774734 8.5913868 -6.63691759
-3.07374501 -1.34849632 -0.69137454 0.97779727 -2.97965384 -0.637474537 1.90786409 -0.69403863 0.76575923 -1.64998555 -0.615401506 -0.573252916 6.9672718 -7.69948769 5.8913269 5.9427433 5.0242939 1.32928658
-0.19406724 -2.80368829 -0.729085922 -2.21140718 2.73430228 -1.20351434 -0.594905019 -0.898813009 -0.151381731 0.0200395584 1.94996405 -1.21201468 -8.93883896 -2.70456266 -5.15399551 3.10589409 5.99944115 8.74148178
-1.54431343 2.41857362 1.72248483 2.58352017 -0.66520071 2.58709884 -0.228533983 1.08667564 -0.0421094894 -1.18071949 -1.63689995 -1.73531771 4.86915398 8.40701294 6.96042442 5.87095261 7.14259529 4.86856365
-1.34258676 0.137597561 -0.0428459644 0.168152809 -2.63137865 2.98171782 -1.82710969 -0.35995996 0.174515247 0.333507299 -0.912158251 -0.398351789 2.43541336 1.93335915 7.30404282 2.75890923 5.31369114 8.24144554
-0.491508007 -1.69410264 1.14222264 2.30681539 -2.70629191 -0.109631062 -1.06664109 1.08237338 1.90315723 1.11808634 0.00832605362 1.97541213 4.50142384 -7.84478331 -4.52991438 -2.92878819 -3.27074099 4.03404617
0.443510771 -0.1022892 -0.170962572 1.18059421 -2.2812109 0.106560469 -1.18822289 -0.944547534 -1.06399977 1.69846487 -0.864525914 1.85164118 1.26731396 -6.2730484 7.25500488 1.41908169 -5.59214211 0.710705757
0.661451817 -0.375097752 1.20793366 1.09069943 2.14824605 -2.93492436 0.0509507656 -1.2979095 1.36044073 -1.37944603 -1.02134979 1.8697536 -3.81116295 -9.18208694 -4.08087969 9.72559547 6.34157181 6.92570686
-3.07001996 2.14623475 -1.12169456 -1.13122344 -0.900844812 -0.329289675 -0.562146306 -1.97284079 0.552981615 -0.712092161 -1.53351295 -0.791668057 7.83150864 -5.79186964 1.61941338 5.86899185 6.32173157 -3.35180712
-1.21864462 -1.62343526 0.623760462 0.826695919 -1.92843831 0.184803486 0.887239933 1.45469499 0.943025589 0.900699377 1.79956031 1.39886117 -2.35632515 -3.0855999 8.1208744 -7.11239386 -6.49053144 5.75101471
1.97500014 1.03279471 2.77279878 -0.680604696 -1.16664088 3.0972836 0.359242916 -1.9579612 -1.55062366 -0.654508829 -1.79948044 -0.382893324 9.55424881 6.99922943 -2.43768501 -2.48155308 -4.93480444 0.134796143
-2.67801356 1.30703521 1.93812394 2.03865552 -3.05446744 1.60244203 -0.241177678 1.12757635 -0.637697458 1.48072958 -1.17489552 1.46511936 4.67065907 6.4069252 -5.29392672 -2.61958981 -2.08806515 4.16550541
2.48380113 3.09003568 0.498392105 1.45793128 0.994740725 -0.282989979 1.7991693 0.50095582 0.908458471 -1.79597092 0.523869991 -0.0417670012 -1.72468948 -3.86564493 1.81064987 -6.92639875 -1.79453659 4.3915472
-1.58783662 1.94235539 0.229081869 -0.522981167 -2.4731071 0.0900001526 -1.99542642 -0.306422114 -1.61459112 -1.14360881 -0.122369528 1.26172256 5.88227654 -9.39099598 5.53965569 6.82283211 -3.30945921 2.98948193
-0.00579595566 -2.87900162 -1.36008191 1.34160686 -1.69998419 0.680143356 0.122393847 -1.4111464 -1.82954371 -0.103520274 -0.800877094 1.87652302 -7.45402622 -1.05174446 6.8798027 4.52326775 -3.94583321 -3.25830746
-2.43977189 -0.426866293 -1.7995764 -2.10003471 -0.281642437 -1.59583461 1.90580034 1.40590549 -1.0826534 -1.77107477 -1.4376545 -1.1158874 -3.20662737 -2.98162746 -4.04909182 -4.69980621 4.34234619 -1.28781891
2.24587941 2.70150113 1.94055295 0.803992748 -0.707516909 2.02048707 0.532692432 -0.618145585 -1.86860943 0.108438969 0.0726640224 0.332062006 2.19915581 0.49724102 -7.99305773 -1.56765842 -7.13375425 -2.83569384
-1.19955575 -0.090924263 2.50777888 2.95690608 1.61441398 3.1081779 -0.0690277815 1.74136281 1.0703249 -0.680624127 0.872857094 -0.0128686428 6.70844269 -2.65455151 -2.36773729 -3.63535976 -9.82786083 -2.91007805
-2.28242826 0.316608191 -3.14083838 0.192226648 2.20998168 -2.76656556 -1.14125443 1.29161835 0.802484989 -1.61356282 -0.79829967 1.9090066 -7.62386227 6.37255478 4.67541885 3.73417091 0.435566902 -8.80900192
-2.72275734 0.800807953 1.86732316 2.55599618 2.99962115 0.358112574 0.31043601 -0.555838943 -0.689502001 1.57821417 -1.95651031 0.371232986 9.41176414 6.06552315 5.83331203 2.55672836 -2.17139006 -4.37585306
0.541795492 2.78621554 -0.0805804729 -2.91127539 -0.57752943 0.679702282 -1.83963001 -1.93247688 -0.675701857 -0.223832965 -1.84206426 0.126670599 -9.79842186 -0.26732254 3.80689812 0.614595413 -8.43367004 0.705004692
0.419907808 0.374042988 -0.491235495 0.463393688 -0.532987595 -2.04624367 -1.06909001 -0.44964397 0.571974277 -1.64041686 -1.45684052 1.2537291 -1.78643131 -3.90578699 -4.07364368 3.80029869 4.95536423 -1.91152763
-0.419636726 -0.887252569 1.103338 -0.818660498 0.25616312 2.62572598 1.55685043 -0.0632076263 -1.26949024 -1.12868035 -0.0879166126 0.728013515 6.60247993 7.44981194 1.19559669 4.47125912 2.38236427 6.04123497
0.575681686 -2.04648972 2.23328948 2.72721982 1.99651694 1.1049912 0.759101391 -0.76073277 -1.91320944 -0.448624492 -0.547692418 -1.83900881 -1.66981602 -8.69010162 7.09202003 -6.71052265 -9.52164078 -9.74330521
-0.125701666 0.460578442 2.5532577 -2.91231036 -1.84004414 -0.127245426 -0.205359817 -0.22299552 0.315248489 1.58351088 0.942744493 -0.520591259 6.75912666 -1.20881844 0.206565857 -8.87371254 1.74607086 -1.55177307
0.0569472313 1.85199952 -1.72960079 -2.91891623 2.75053096 2.84718966 -1.48547792 0.857552052 0.917351246 1.92728448 -0.357938528 1.83626771 -2.56852198 -1.85652828 -5.99540615 -0.36290741 -6.26597881 1.29754066
-0.995816708 0.664877415 1.56804395 1.81602359 1.91126275 -0.869775057 -1.63910055 1.53799105 1.21430898 0.809955597 -0.17335856 -0.942508101 1.32112885 -4.4258604 8.97119141 -9.49574375 -5.33446646 7.55783272
1.84991336 2.93241429 -2.29248357 1.12444282 1.74824452 1.98683238 -0.0876581669 0.836977482 0.825456142 -1.84158111 -1.30975318 1.87437558 -5.8195734 -1.19858837 -0.874073029 -1.59358597 9.41969109 -5.38939381
-2.02988625 -2.80381703 -1.25661457 -2.46778059 -2.92230892 1.24611449 -0.0198769569 0.40887785 -1.57600451 1.97411227 1.14580035 -0.506201744 6.1223259 6.83126831 6.74708939 5.26322269 -9.36664295 5.49002743
1.11064124 0.34702158 -1.1734302 0.0610494614 -0.929408789 -1.32051671 1.55695367 -1.81237423 -1.73611498 1.33183289 -1.06538057 -0.431802511 -8.0317812 -9.70865536 2.6813755 2.30510139 5.27828026 -2.76327991
-0.520966053 -3.13589072 0.791245699 1.23299003 0.149619579 1.29791617 0.154943943 1.78585172 -0.905767322 -0.462797403 0.117725134 1.63504505 8.46446419 7.73746109 1.44673252 -9.87774563 0.771107674 2.20955849
-0.960148335 0.411553621 1.18216681 -0.460350513 0.760951042 -0.832056284 0.0541534424 -1.32371044 -0.954820871 -1.92031288 1.07819486 1.01196647 -5.24651241 -0.698581696 -5.17524958 -5.18244743 7.79301453 -7.00907516
-0.122473478 -0.887915134 -3.05576301 -1.73690474 2.99499393 2.59520555 -1.55307138 0.878278732 0.839868546 -0.988542199 1.53885865 1.39602447 -8.68175983 5.18843651 5.21600819 -9.44579983 8.30854034 -9.46821785
-1.09296632 0.179466009 0.314606905 -1.30905139 -0.713429928 1.10585332 0.219297171 -0.839826822 0.551683664 1.43940401 -1.79367471 -1.19568288 5.31380081 -0.208240509 9.77061462 -5.80838156 7.2210083 -9.01810169
-0.889961004 0.656430721 -2.11979485 -2.22269011 -2.19453335 2.29241633 1.87887263 0.37958622 0.0532617569 0.976209641 0.34904027 -0.90717721 -7.73590755 4.30863476 3.92314339 -0.256774902 2.9686985 -0.363872528
-1.42586684 -2.30258369 -0.197939634 1.10003686 -2.68059325 2.05623126 0.224534988 1.75059104 0.679961205 -1.92996264 -1.75152647 1.68689632 2.9897871 0.496524811 -2.29821682 8.17079735 8.91841316 -4.18391514
-2.91460919 -1.72739923 0.810744762 -0.109954596 -2.53973651 -2.92440462 1.20022368 -0.603077531 0.309496403 1.55201054 -1.46461511 1.25507379 6.78424644 -9.83231544 1.94580555 0.106279373 6.94490433 -9.25218105
1.6062777 -1.48024285 -1.00102425 -0.30750823 -2.11706066 1.58358645 1.04568815 1.74048138 -0.196113586 -0.511778712 -0.267613292 0.448092699 5.62882423 -9.02870274 6.32017517 6.32034302 -2.8726697 -8.2499361
-2.90329099 -1.39070046 -1.51097918 2.26528955 0.468799353 1.16618466 0.179206371 -1.67766023 1.48169518 1.0293169 -0.673863053 -0.890859962 9.56000328 3.69906044 -0.793327332 -8.7506628 8.32315636 8.77759361
-2.00340796 0.0152065754 -2.72155428 -2.14666605 0.44606781 2.25136924 -1.58799362 0.438178062 1.66099286 1.95926547 1.47298217 1.11316538 -3.62177801 -5.13855886 -9.14625549 -8.61970425 -3.03332615 3.50824165
0.173895597 0.0678184032 -0.752907991 3.07852769 -2.82215619 1.53138375 1.17411709 -1.71763539 -1.45430017 -0.226395607 0.816369295 -0.559993863 -8.43661976 -7.2977109 -6.37819862 3.55876446 5.49153423 3.57568836
-0.353266478 2.25406003 2.67745328 2.30312181 -1.64017141 -1.2710011 0.710294247 0.190318584 -0.556691289 0.741292238 0.938856125 0.95791316 3.14507008 -1.08601284 -5.62738895 -3.00641298 9.51019669 -1.61773968
1.70024419 -0.470892191 -0.246603489 -1.79501534 0.298395872 -2.36411834 -1.06910157 -1.46679819 1.44212794 0.677048683 -0.844812632 -1.69216871 -9.36363983 -1.69901466 -6.43600416 3.53835011 8.92690659 -2.95879889
-2.51602411 1.59236169 1.97031236 -0.000398159027 1.97511363 -1.79292655 -0.854960918 -0.469640732 1.33181906 1.05109262 1.92411089 1.28291321 -4.10604048 -0.0134534836 5.32360458 9.48243141 2.22523689 9.22315216
-0.190467834 2.41027951 -1.8064605 2.62065578 0.419689894 -0.641756535 -0.959474206 1.49765158 -1.70440972 1.44727898 1.19350624 1.8616724 -6.87501574 2.1145525 7.98116112 8.23509026 1.5629673 -0.348521233
-0.328333139 -0.441826582 3.04643512 -0.157837391 1.11910081 -3.12079763 0.0280833244 1.56722951 -1.58551157 1.63289762 -0.268271208 -1.15266728 -6.90221024 -0.540493011 4.4976368 -9.03365231 8.58937836 0.156850815
2.3239944 1.24672961 1.28702617 0.0516412258 -1.1012845 -0.497080326 0.394235611 0.0526382923 1.7157135 1.02123141 0.0305325985 -1.3267498 6.59974861 3.05349445 6.39226151 -4.09019756 -7.76701927 3.77819824
-1.11666107 2.40719247 0.0498561859 1.69994903 0.892060995 -0.73724699 1.39993501 0.457716703 -1.83632326 -0.92074585 1.00289488 -0.183747172 6.97038078 -1.43632603 6.17643356 -3.48357296 -5.54598618 -7.66218996
-2.54047322 -0.682799578 0.795660019 -1.97061312 -2.01133919 0.807403803 1.51251626 -1.06504154 1.57772541 0.0913529396 1.98590922 -1.49368882 -4.95659542 6.18034172 5.51786232 2.19952488 -9.09719658 -6.28692055
-2.43132544 -0.371320724 1.30043769 -0.1848104 1.79126096 1.22753739 -0.656464696 -0.734666944 -0.323954701 -1.81833851 0.384651899 -0.824092388 9.22405434 3.61337566 0.16007328 4.52261162 2.93240166 -8.4582386
0.884287596 0.75959754 0.909510374 0.504213095 2.8978641 -0.179816484 -0.537471175 0.435111523 -1.68082237 -1.02305627 1.83706927 -1.03991508 9.9893589 -5.83981276 -1.56525421 8.94832039 -3.49165154 8.85837364
1.85672784 1.49903989 2.6566565 1.11187625 -0.465465784 -1.11837077 0.662154198 -0.854788661 1.00303268 -0.174719453 1.36981916 0.999082088 -0.826618195 -3.97773075 -5.38169003 6.59628105 6.34713745 3.98098469
-1.21544743 -2.45905399 1.48816466 -1.95554841 2.05292296 -1.96874714 1.05594659 1.36129308 -0.78294003 -0.469141245 -0.978005528 1.19353008 -8.17703533 -8.11591148 6.46301842 7.85966492 -5.47617054 0.302353859
-3.05297089 -0.901736975 -1.75471509 3.07423043 -1.62744558 -2.11358476 -1.77746034 1.32935882 -0.532500625 -1.88359427 1.78941131 0.629402161 7.64851189 6.80684662 2.41884708 -3.92703485 -5.1438365 4.76404095
-2.67517757 -1.17102587 2.60356307 -2.40962172 -1.42150474 2.31907201 -1.50737238 -0.398982286 -0.0784847736 0.93489027 0.0217170715 1.75026536 9.17892838 8.46628571 9.89968681 3.20905209 1.8187294 -8.83641434
-0.217592478 -1.3323915 -0.818125486 2.02459502 0.711345673 -2.06908226 -1.38273191 -0.402002096 0.308336496 0.730068445 0.773303986 1.09955335 -4.63167858 -5.73211241 0.634675026 -1.23888397 6.01794815 2.96388245
-0.830173731 0.836302042 -0.23787117 2.10733724 0.646454096 -2.28243399 -1.42459512 -0.812922001 -0.912200093 -0.789318442 -0.606088996 -0.405324578 -1.29268456 -4.43982172 -1.01882744 7.12307739 -9.5373354 6.07976532
-2.90902233 -2.22182751 -2.78419065 -1.11928701 -1.86119854 3.10085225 0.217819452 1.68968773 -0.620824575 1.24285626 1.42557526 0.719970942 -1.83759308 -2.95595837 -4.99532795 -1.53078938 6.70344162 -6.7443924
0.441527367 1.01006293 -2.69514251 0.669465065 1.47165704 -0.290206194 -0.988523841 1.56904197 -0.410366297 -1.15877199 1.27117515 -0.811183214 9.15751839 2.2906723 -3.28080225 -3.83197117 -0.850239754 -1.58060455
-2.75784564 0.0628666878 2.99781203 -2.04099894 -1.74752951 -2.07158422 0.929569483 -1.37993813 0.657349348 0.164907932 -0.0354830027 0.708306313 -9.02273941 -8.14319801 2.67246437 -7.28089237 -7.68749094 -4.52000046
-0.608713388 0.908887625 -2.02500248 -2.27330542 -2.24435043 1.70672202 0.179657459 -0.410212278 -0.0821679831 0.791485786 -0.0233364105 -0.112342596 9.14499664 -9.33627415 -5.08485842 0.710283279 6.40102577 0.645462036
0.944745302 2.78768229 -1.81591749 -2.82427263 2.70664048 -1.92324173 -0.19575882 -0.481616378 0.162249327 -1.56763697 -0.788576961 1.4187355 9.31980515 -1.22743225 7.53625298 4.85548878 -7.28470135 -7.71059799
-0.574823856 2.2046802 -0.133718967 -1.95492816 2.14452672 2.33174777 0.274469614 0.583180428 -1.69927621 -0.164053321 -0.77217114 -0.00322067738 0.638710022 8.69576836 -5.53977871 4.34399223 -6.11670589 4.62897682
2.93848634 -3.10764551 2.36324382 0.175926924 -0.272966862 -2.40758324 -0.809826612 1.32511687 0.999755859 1.38593197 0.473316908 1.64895773 1.73849964 -5.74250507 -7.74633551 -4.66192293 4.98979759 -7.4100318
-1.71547055 -1.49251068 0.0751800537 -2.63443518 -1.94633293 0.437048197 1.95451617 -0.432751179 -1.1127758 0.0422637463 0.79316473 1.11283731 -1.79138851 -5.67294645 -7.94741535 -0.640292168 -7.04014301 -6.88244581
-2.31536269 -0.576474667 1.88779569 0.26223588 1.92427516 1.14309239 -0.76412499 1.60455894 -1.47840142 0.988918066 1.50123143 0.692655563 -1.74767303 5.09516907 7.25979805 -4.00412083 -6.65421677 7.45137978
-1.96632528 -0.406597137 1.06085801 -2.29701471 -1.57001042 -1.18242168 1.56524491 0.824712038 -0.208091617 1.44577575 -1.00179768 1.16445732 -6.34946299 -7.02833748 5.86474037 -1.53994751 3.46194077 -4.69649792
3.11019349 0.0713202953 -1.65720415 -2.2728231 -1.43813062 2.56049418 -1.61958241 -1.29516721 -1.90874851 0.313194036 -0.995264888 0.256931067 -5.95087099 -1.08220005 -6.06507969 -8.01674747 4.6553278 -7.58014393
-1.80916107 -1.94298995 -0.724853516 -0.63091588 2.97325873 -2.83474374 1.53525758 -0.0741522312 -0.821064711 0.418065071 1.2927146 -1.50808215 3.56340599 -5.51222324 -6.86172819 -5.63397312 5.30901527 -2.69397831
0.789402485 1.19623923 -1.41118598 -2.51705027 1.29287982 0.818462372 0.0811131001 -1.15859866 -0.943921208 0.674452782 -1.81630528 -0.153500557 7.26813126 -0.238856316 -0.864788055 -8.05631447 1.84515572 -4.58995819
-1.37975621 2.87674832 -0.956393719 2.98379588 0.410493851 0.702470779 -0.639467955 -1.73503959 -0.08279109 -1.13463736 1.24220562 -1.69069481 -2.75452566 7.44569397 4.38379383 8.12476158 1.93004704 7.29334641
1.04310536 2.80866504 -2.89359689 -2.72940874 2.66960931 -1.28248537 -1.26014209 0.0337197781 1.75919986 1.76953697 0.16760087 1.45973682 9.69328308 6.06708336 -8.57975864 0.52671051 9.17719078 -6.37475204
2.76844573 -0.336879253 -1.28555191 -2.43954945 2.3062346 -0.656194448 0.982349157 1.69922447 1.78202653 0.882282257 -1.73897576 0.69382596 -9.34350109 -7.90416956 -7.19480991 5.1360302 -0.0279407501 1.24315166
2.33513618 -1.50800896 -2.6476903 0.375838757 -3.01121593 1.38350749 0.374594927 -0.901733994 0.227095842 -1.80965257 -0.403956294 -0.420632124 -3.80447006 -3.47776699 5.07305717 -3.9437933 0.633574486 1.3906517
-1.20067728 0.798074007 0.221448898 0.0718121529 -0.152197361 1.18853641 -0.747969151 -1.88577437 1.57898235 0.164113045 1.71236372 -1.96723223 1.38906288 -4.87329435 1.82873344 -1.48619747 -1.48542309 2.89934063
0.0552232265 -2.737252 2.7530849 1.59620929 -2.30678177 -1.51384056 -0.209406853 0.796126366 -1.44641852 -0.672288418 0.507013559 0.260081768 4.31190872 -9.10559082 -2.13215446 6.52028847 -4.0539794 -4.27466917
-1.88229752 -0.0535230637 2.03358293 0.547579765 2.86448359 -0.206653833 1.47139859 -0.571233511 1.52641082 1.90218949 -0.751943707 1.38078594 -8.35179138 -3.86971045 -0.524710655 5.33720398 -0.218678474 0.856908798
1.14732194 -2.09201622 1.42787576 -2.08165574 0.494752169 -2.26454306 -1.74114156 -1.23279595 -0.549648166 -1.28933716 0.633580446 -1.81943285 -8.52530575 -0.213983536 8.7089119 -4.77793646 1.18959618 -7.26788044
-2.55281401 0.904179335 1.08002114 1.278826 -0.809911728 1.38650346 0.11055541 -0.647965789 -1.59124398 0.355000973 -0.156516314 -0.780792594 -1.93284702 -8.39442348 -5.30220938 6.03743744 9.46663284 -7.35220194
2.78754067 2.11609006 1.97701144 -2.95731354 1.19699788 2.48394465 1.10126591 0.656296015 1.45379949 -0.959286332 1.49048972 -1.83917487 -1.86961937 5.69187069 1.0740242 -7.31739712 5.91348076 -5.04298973
-2.20661354 -1.09954429 -2.65233827 1.55874658 -2.54445076 1.42506289 1.57762313 -0.347167134 0.151913404 -1.35029864 1.42664289 1.71079826 0.368643761 -0.0912294388 -3.53201914 -9.28708649 7.16566277 2.1244669
1.35566545 2.52302194 -2.45877147 -1.03569317 -2.37528944 1.3438127 1.02764964 0.775618792 1.2291069 -0.251689672 0.130124807 -0.0310076475 -8.44655132 -6.16754055 -9.6330862 -7.38437843 6.80416679 -4.44324684
2.49609065 1.25554729 -2.38668299 2.84588599 -2.41706634 -0.446924448 0.851116896 -1.22329748 -1.41149259 0.348261356 -1.46240044 0.634713173 7.9641571 -0.964197159 -8.88347054 5.15878105 9.01371193 1.8608551
1.15033937 -2.57812929 2.89130425 -0.528472424 2.4086802 -0.118707657 -0.742580295 -1.99709296 0.0994782448 0.431177139 1.62586808 -0.226936221 -5.45565367 -7.80746222 -6.94442368 -2.83709145 -5.54807186 -6.07846069
-2.2749629 -2.93258166 -2.00838995 0.903525591 -0.206039667 0.904907465 1.04749608 -0.362703919 -1.24198461 1.82596469 1.16665292 1.56539416 8.76858902 9.32575989 0.614204407 0.233295441 1.34507179 -6.81802607
1.71744561 -0.616416693 0.145738363 2.47440314 0.115744829 -2.10069036 -0.876953006 -0.748171568 -0.604576588 0.2934587 1.40121031 0.911095381 0.372020721 -7.77827501 0.592861176 -1.95393372 -0.452523232 9.69476891
-3.02015567 0.882844687 2.75744796 -1.35482907 -0.322602987 2.37773204 0.406747818 1.85767031 1.93839478 0.743082285 1.36972094 -1.49872136 -4.54469109 6.68878937 -1.39798355 4.0660429 1.91275978 -9.47804737
0.44212532 3.02940726 -1.5893774 1.98111272 -2.96438718 1.07885814 1.45790553 -1.24859691 -1.11397099 -1.24702215 -0.279853463 -0.040540576 8.23916626 6.3087616 -8.93806267 -1.2199707 3.12903881 7.26880836
-0.661062479 -0.779234409 -1.06222677 0.621171713 -1.0005753 1.4089973 -1.525491 -1.97548926 1.86907434 0.207246304 0.259137392 0.435297012 -6.47504425 0.63530159 -6.54287195 5.97781086 -2.33456373 1.88626385
0.553003073 3.10447288 -0.88615799 -0.0189790726 -2.1718812 2.12431931 0.272238731 -0.986204863 1.09246516 -0.756569862 -0.237989545 -0.584775925 -8.73457146 -0.0911273956 1.6522398 -1.04528046 4.4426384 7.5194912
-3.11376691 -2.99622035 0.0338966846 -1.95655739 1.08240676 -2.15997243 -0.710048318 0.297879457 -0.808631063 1.97712755 1.27846575 1.53981209 3.93239021 -6.69904518 -7.60116243 1.29246807 2.61195087 2.82842636
-1.75994813 -0.793284178 0.55759716 -1.29225695 1.34394193 1.3397429 1.11292863 1.96232295 0.0372872353 1.52864814 1.39907122 -1.9285183 8.39138412 -6.35808563 0.441831589 -9.665452 8.98595619 0.492505074
-0.646452188 0.701872349 2.06288171 0.485228539 1.56390119 2.23351407 -1.42548108 -0.404297352 1.84020567 -1.20385265 -0.980984092 1.7244916 3.74178314 3.10399628 2.80429268 7.34380722 -7.68801212 9.07658195
-1.36470044 -1.85855591 -1.46340156 1.17376971 -0.206259489 -2.25827074 0.567366123 -0.0786186457 -0.61996901 1.81314826 0.407103539 0.618161678 -2.52376366 -2.98294449 -2.81615639 -5.82887602 5.80027676 -9.55196381
-2.51795244 -2.10808039 -0.938619137 2.24837995 1.46635699 2.30801558 1.77078962 -0.0607271194 -1.22698212 -0.3248353 -1.59772027 -1.92887425 2.96137428 -5.66951323 -1.21649456 -7.21693611 -9.60006332 -9.88702488
-0.274531364 -0.583281517 2.02523923 -0.691725492 1.61185336 -0.737315178 1.71413088 -1.06264687 -1.17650199 -1.86924064 1.60146761 1.24796629 0.159974098 -8.4417696 1.48604012 -9.48064899 8.7720089 -8.28347492
-1.57318473 1.61364198 0.837493896 1.98491597 2.17778945 -2.0184679 -0.829982996 -0.123038888 1.8724165 0.892279625 -1.25757098 1.75974894 6.12158585 -1.99164009 0.42797184 -9.80033493 -8.60425758 -0.935455322
-1.09929943 -3.13545108 -1.47442985 3.06126046 0.569470882 1.19181752 0.464051247 -1.35212088 0.667920351 1.90256214 -0.298569083 0.118690014 -8.47168732 4.23385429 5.81215286 3.44868088 8.50049019 6.08156395
2.48850274 -0.224560738 1.9086864 1.91567731 -0.053164959 -0.150797844 1.81998181 -0.223770857 -1.15769815 0.887872219 0.477921009 -0.474537015 -0.86980629 6.88748169 0.997718811 5.8880291 4.24480915 -1.058815
-0.82410574 2.30531812 1.31147838 -0.253312588 -1.54460537 2.79857898 0.165993452 -0.585385323 1.01933765 1.40040636 -1.88002062 0.312029362 6.24953079 -8.83176327 0.0500488281 -0.345080376 -9.83799171 -5.65362883
1.30485225 2.75621104 -1.74611211 1.64910913 2.76790833 -1.22401321 0.501645088 0.00926423073 0.419665575 0.314293623 1.84284425 -1.99972498 -8.25927925 6.61672592 -4.05011559 8.28816605 -5.77104616 9.07748413
1.92208076 3.066468 -2.02097559 -0.837848425 -1.85920131 2.98197913 -1.77483225 -0.751921892 -0.10592711 -1.0632478 -1.78495741 1.91438198 3.05930519 0.414229393 -3.94561291 5.92577744 -2.98709774 5.33359337
0.0607304573 -1.00132132 2.10321403 1.83024096 -0.674803972 0.245640993 -1.18204069 -0.685559034 -0.821320772 0.0144982338 -0.302681446 -1.71504211 8.80516243 -6.79763889 8.30293655 -1.71080685 -7.1259284 -5.42252254
1.74807477 -1.8559581 -0.129849672 0.0875732899 1.11128497 -1.35252452 1.29758811 -1.09024811 0.10949707 -1.67348671 -1.25830269 -0.068395853 4.18679714 8.16378784 7.94881058 9.32279968 -9.29913235 -7.41439438
0.382975101 0.90246129 0.791811943 -1.82851517 1.89700532 -2.66457391 0.33361578 0.951187849 -1.4212786 0.736952066 0.0187602043 1.86562562 -4.09457493 2.51927567 -2.99547863 -7.85274124 6.60015869 -9.04566669
-0.416910648 3.02773261 -3.08342004 -2.81692338 2.03657031 1.00518918 -0.942196846 -0.971849084 -0.206293821 0.343376398 -1.36048913 -0.248436809 6.29364586 -9.31352997 1.22883415 -7.04640102 -5.03822756 -6.71057701
1.02383161 -1.3970964 -2.69260573 -2.94034266 -2.33594823 -0.93269825 -0.50604558 -1.0303843 -1.9891454 1.98752785 -1.64831185 1.9031477 -4.74259663 5.91254997 -4.817173 4.42527008 -0.729621887 -4.12350464
1.32092977 1.20821691 -1.48809004 1.52681708 -1.50386107 2.93745732 -0.0911041498 -0.3455832 0.751161575 1.81101441 -0.810159683 0.481144905 -0.72202301 7.8626194 5.05245399 -4.94999313 2.21487999 0.319713593
-1.11218667 2.09879088 -0.0796456337 -2.85079741 -2.54324841 -1.09870934 1.02016783 -1.71901894 -0.471969962 -1.41237402 -0.143241882 0.826769829 -9.50184917 5.42735291 -4.75760031 5.60105133 -8.93443298 1.13290691
2.08529115 -2.23732328 0.132513046 0.763143539 -2.81962872 2.0390408 -1.70462823 1.28575158 -1.21305704 1.01029229 1.2937386 -0.26670897 -6.39559174 -3.56945992 4.98913956 -6.54584789 -8.38204956 -1.23834419
-1.70650244 -2.84734559 -2.59055328 -1.08389783 0.373007536 -1.70988667 1.14001107 1.7248497 -1.57696545 0.980857134 0.8571136 1.87764215 4.94389153 -7.71981335 7.64739799 4.51811314 -1.42561913 2.97785759
0.525675774 -0.434554338 -0.267661333 1.2841785 2.76678443 2.56479096 -1.52423406 1.01055217 0.542665958 1.68476534 0.128682613 -1.79203379 5.64844513 -1.16067791 -7.81544018 -5.91147995 -7.03264236 8.7373085
-1.43984079 -0.412810564 0.459981918 0.351593256 0.693357944 1.95270038 -1.38211107 0.179392338 -0.453490496 1.12908745 -1.62447214 -1.25227404 -3.67040443 -7.91853905 -8.91524601 -2.39410305 8.91650391 -3.07569408
1.6796515 -2.23082304 -3.084692 -0.643927813 -3.09439349 1.74774623 1.69078827 0.15373683 -0.109167814 1.16511989 1.3263135 0.112416983 -5.91035557 -2.92688179 2.15300655 -0.861519814 -7.43274355 9.43777084
-0.244937897 0.817193031 -0.791184664 2.32796073 -0.403533459 -0.989248991 0.328872442 -0.251440883 -1.22525883 -1.32296836 -1.86800039 -1.71506691 -5.59741354 8.44795036 -3.69347334 9.20580482 -7.10779572 -0.881101608
-1.0629046 1.81744313 -0.203327179 -1.67495608 -0.940098286 1.08682704 0.693423033 1.52577949 -0.689066768 1.78177142 -0.760279298 1.89074612 4.61360168 4.61158657 0.330732346 3.16480541 -0.0444517136 -5.42231846
-1.40173542 -0.881141424 -1.56457174 -0.136471748 2.17864728 -0.336535692 -1.8740654 -0.437467217 -0.327361465 -0.442906141 1.47516131 0.865761757 -6.7389245 9.28578186 -8.41823673 -2.33177567 -3.11181164 -9.04828262
0.810219288 1.56987166 -1.0774641 -1.08463955 -0.540442944 -1.12992406 1.51676273 0.534752846 1.28106141 -0.212463379 0.705877304 -0.398412585 0.0659828186 1.23261547 -4.17270756 7.0908432 -6.61919594 9.27729988
-2.04699135 -1.54327142 -2.1750226 3.11210275 0.070117712 -1.75442135 -1.58177423 0.954072237 -1.64655733 1.20638776 -0.675135732 -0.927538157 4.26578331 9.5498867 9.8248024 -8.22194481 -7.05316162 0.803538322
0.291265249 -2.74675727 2.27129579 0.715057611 2.54731441 -1.54315698 0.865830421 -1.58451188 -1.71548891 -0.0592472553 0.790472746 -0.45242393 1.43367958 -7.81840801 -2.71023703 6.83278275 -9.7863121 9.44430542
-2.96119356 1.53312373 2.49910474 -2.93985248 1.58303428 -1.76593781 0.676676035 0.791317701 1.81014776 -0.0229061842 -1.20951247 0.506006718 -9.02266121 4.07203102 7.57490921 -3.75664234 -8.03618145 6.81529617
-1.70429206 0.395897865 1.11883283 2.35740972 -2.46871591 -2.52744317 -0.88044703 -1.90742743 1.23756528 0.202389956 -1.06362104 1.49817634 -7.7904973 -5.48406935 -9.50318527 -8.49680901 -7.55368757 3.86222839
-2.9975419 2.77545476 -1.41001904 1.61788869 -0.203474045 2.10570455 0.141151667 -0.360855579 0.136569262 -1.88906312 -1.19870067 -0.901901007 6.02135849 -5.08532429 6.22654343 -5.49960232 8.2076149 8.46115303
-0.579302311 0.310180187 -1.70921731 2.02950263 1.08775306 -0.672290087 -0.876100421 -0.209839344 1.4405086 1.77956223 0.443410158 -1.30272007 0.734300613 7.04199409 -2.00955296 8.96259117 7.75767708 7.09837341
-2.57049751 3.02286553 -2.28582788 0.665785074 -1.22189999 0.632642269 -1.28125477 1.38024735 -0.738707423 0.0312407017 1.82784963 -0.781403422 4.83494282 -1.16714573 1.7059021 4.53471756 5.13796043 0.6844244
0.537853956 1.99317098 -0.400763512 -1.70869052 0.489020109 3.04422832 -0.114283562 1.28707051 1.84394813 0.844049215 0.287489653 -1.58938718 -2.53102732 9.30430603 1.21355534 -2.24967861 -5.41687775 1.6981039
2.92770076 -2.5978992 -2.10884881 -2.29895878 -2.13228035 2.94398904 1.95722795 0.220493793 0.684745312 1.35524893 -0.52282238 0.667165518 -0.797293663 0.346442223 -1.99542427 -7.4103384 5.96971321 -0.845013618
0.25422883 -0.734409332 1.93345761 -1.8113085 0.0172762871 -0.726599455 -0.436309099 0.392072201 0.7390306 1.54116154 -1.20161867 1.53005338 -8.86112881 -9.20422268 8.15743065 -4.30451345 -3.65039062 -5.52843189
2.90160155 -1.72508049 1.83203053 -3.01098728 -2.89536333 1.15002227 -0.18223536 1.91897821 -0.499138117 0.229884148 1.69566178 0.937517405 -6.78244209 -5.30587149 2.47549057 8.05196953 8.66350174 -1.43762112
1.63045192 2.12391877 -2.15678835 1.90604949 2.49968982 -0.243647814 0.936505318 1.50280499 -1.19842958 0.32269001 0.375221014 1.23996687 -8.65695095 -8.8671999 7.09617424 7.51790237 -5.61165953 3.44735527
-2.93639469 -2.92827487 0.100477695 2.04696202 -0.744325876 -1.047647 -0.897577286 0.586586237 1.69320011 1.57027602 -0.771944761 -0.0601655245 -7.767766 -2.83188057 0.308368683 -4.86719036 0.026260376 7.11461639
-2.4897275 -1.74418128 -2.3842423 -1.51835942 3.13310599 3.10864282 0.240532875 -1.16035247 1.50097775 -1.99587715 -0.330733538 -1.58657277 -7.2506628 8.32502937 6.22896576 0.984779358 2.53986835 -1.82042789
0.0625269413 1.88342977 0.575500965 2.87126803 -2.06271553 -0.341282606 0.354257584 0.173211575 -1.03356671 -1.00436163 1.0428195 1.14132047 3.83869743 8.19043541 -5.41680622 2.00087547 -0.355085373 9.2267189
1.15210271 0.256463528 0.833076715 0.395772934 -0.593403578 -2.04446363 1.29650569 -0.545399427 0.364110708 -1.95143604 0.195556879 1.48993659 8.9513607 3.43056488 -3.63864994 0.896674156 -3.0236249 9.07239532
-2.96691775 1.83448529 -1.75283384 -0.269477129 1.75297713 2.60346627 -1.38614893 -0.444799423 0.677591324 1.6729455 -1.19296503 0.912125587 6.6121254 -8.26343632 -0.370363235 5.13032913 5.9153986 9.23249435
-1.04779124 1.67956471 -1.03024125 -1.08894682 -0.536765099 1.14774299 -0.759825826 1.369277 0.710254669 1.37145877 -1.98063946 1.37601566 8.05235863 3.20699883 6.35750961 1.02007294 9.93733597 -8.16245651
0.676783562 -2.19752789 0.0872440338 -1.23832679 -1.66769898 -0.200375557 -1.35789275 1.08279896 1.4538815 1.64537501 -1.75396597 -1.43570006 -2.8791852 3.14367676 4.53672409 -6.88920879 1.61529636 8.64422989
-2.25507784 1.74200654 0.960459471 0.345978498 1.84021878 -0.844140291 -0.75646615 -0.631364226 -1.89695728 -1.13347292 1.62468934 0.562023163 0.864053726 -8.29583359 4.79545021 -3.0088706 -5.65431404 -1.35005569
-1.77576602 -1.07664418 1.76920629 -1.57990324 -0.140072346 -1.40685606 1.34319735 1.63210368 -1.37238479 0.966712236 -0.417524934 -0.333018899 7.39681244 0.783475876 -5.51999283 -9.57710648 4.36135674 2.66030121
2.27026248 2.898947 2.34237409 -1.93670046 -1.54593551 -3.06607032 -0.744497895 1.18403935 0.923853159 -1.91437829 0.039236784 -0.953430295 -3.28769588 -8.85424423 9.1356678 9.24319839 5.79969883 2.57414627
2.19967103 -1.96232986 2.27539706 2.41993737 2.8994453 0.343471527 -1.45368898 0.045953989 1.96176744 0.724996805 1.70811176 1.06864977 -2.83959103 -2.65397644 3.42425728 1.60109043 -4.53983831 7.38311958
-0.264354229 0.592368364 2.99064517 2.80283141 0.791152954 -2.1092701 -0.109410524 -1.35423815 -1.82748199 0.777183056 -1.56929743 -1.77253652 -2.89385128 -9.72695827 6.58201981 -4.44497538 -7.82394838 -1.32736492
1.33234763 -2.59400082 -1.43566287 1.89928412 0.945545435 2.34365916 -1.05399585 -1.52029252 1.76203346 -0.104044437 0.674326897 0.21966958 7.20141411 7.739151 -0.837755203 0.0760669708 2.66449356 7.86623764
2.80228543 -0.082542181 2.46942592 0.997752905 -0.075135231 -0.327996969 0.319045305 -1.99071562 -0.726252675 -1.72044277 -0.646930456 -1.61267567 -7.46937466 -4.61685562 -1.83292484 -9.54799843 -9.93636227 9.13364029
-2.31090927 -2.50030947 -1.2651943 1.09808326 -0.399251223 -1.93666995 0.985646248 -1.4775126 -1.74089909 -1.25413322 -0.199967861 1.14870071 5.26503658 2.70665646 -4.00846863 -6.59226894 1.52715492 2.70229912
1.27140069 2.3587687 1.28113008 -0.167346478 -2.66901946 -0.791450739 -1.52908707 -1.81277597 -1.89030755 1.24378109 1.21933937 -1.51236629 -7.9812851 -2.19554806 4.14015675 -5.66246462 2.56813145 4.49319363
-1.1814853 -0.602105618 -1.67025936 -2.49022365 -1.6967479 0.073392868 -1.11035454 1.95316243 0.730797768 -1.6078043 1.52021027 1.21145034 5.19691372 -2.83148575 0.452184677 0.263175011 -0.415567398 -6.76821041
-2.09619427 -1.69813621 -3.1045084 -1.70879579 0.125065804 -2.8454833 -1.8318038 0.155080557 -0.757508993 -1.83956516 1.10342193 1.8024385 -1.12137032 -3.73149872 -5.49741411 -8.18279839 1.79292774 -1.14349461
3.1176765 -2.37848568 2.21685529 0.117088795 0.658496141 1.56237578 0.768337488 0.965023994 -0.975338221 1.05740237 0.0353605747 -0.689223647 -6.54413414 8.354496 1.37401104 -9.37696266 4.46276093 -2.86788416
2.15744376 0.725839615 2.42481875 -2.49422503 -2.19503784 -2.21937966 -1.85304642 -1.30312681 1.24524856 0.766037464 -0.624352336 -0.835824251 -2.57736492 -5.06162167 0.454860687 -2.76234627 -4.88312054 -9.70866108
-1.11435771 -0.800573826 1.8250854 1.4740479 -1.34933329 -0.828902721 1.06046033 -1.55400252 -1.23596931 -1.5059309 1.38491607 -0.646118045 -4.5212121 4.57294559 0.430074692 6.53731918 -4.96619225 0.186853409
-1.8231436 -2.77384734 -1.06486225 0.0661783218 -2.34141254 -2.64295101 -0.230279565 0.220178127 0.144340754 -0.208251238 1.44691539 1.0443294 5.81523132 0.655312538 6.27052116 9.27627945 6.13354874 2.25906467
0.444317818 1.27703214 -0.652399302 1.52976441 1.78312182 2.76717067 -0.149838686 -0.231755376 0.226512432 0.39277792 -1.68376637 -0.0764062405 1.64601898 -7.19443417 7.53387642 -9.52205563 -9.68965721 8.50611305
-2.27490997 2.63047099 -0.906732798 0.724886417 -1.99451911 1.32247424 0.26774025 0.138664484 0.4407866 1.64114571 0.975126266 -0.00297617912 3.69184113 5.33768845 3.99039745 2.89345264 8.46629333 -8.35301304
-1.03496289 1.28494096 -2.31750393 -0.248805523 -0.476830721 -1.5352236 -1.78940141 0.126596451 -0.296823382 0.305497169 0.666424513 0.712467432 -2.41001606 6.00263214 4.91656494 -8.9548502 0.444578171 -4.22229719
-0.680203915 -2.43739367 2.7551558 2.57940078 0.995876074 2.43222785 0.000414133072 -1.40957427 1.91469121 -0.341942906 -1.64779019 -1.4185462 5.18381119 -1.91149807 0.518083572 -6.69287014 -2.44853306 -8.85512543
3.06649804 -1.94456005 -1.09242797 -1.40486038 -0.215874434 -1.55145812 -0.0250246525 -0.953047991 1.51878023 0.821257591 1.65093946 0.0451266766 -4.94658995 -5.05556107 -9.47601604 -3.12808466 8.09926033 8.11053848
0.361895084 -0.286658049 -1.9097476 -0.850557804 2.94637847 -0.164997816 -0.451743484 -0.0820003748 0.962464571 -0.294995427 -0.272261977 -1.73809886 -2.98823118 -6.65400505 3.75670433 1.43366718 3.72117519 2.68588066
-1.48792207 1.42288375 -2.03020239 -0.258040428 -0.775795221 -0.168348312 0.0230131149 0.89071703 1.40966105 0.723884106 0.435622454 0.922883034 -6.32207584 -7.98730755 -8.47396088 1.05339146 0.666175842 4.7339077
-1.26435542 2.78140283 1.90140843 2.46600509 -0.802590847 2.34686732 0.450807095 1.64081836 -1.83786285 1.78473544 1.66763973 0.985618353 9.85851479 -1.92635155 1.9996748 5.02153873 8.99985123 9.12529182
-1.14780092 -2.35298944 1.10759425 1.10183072 2.96744037 2.2211864 -0.383910179 -0.155313253 -1.76407421 -1.0179069 -0.699033618 -1.85082233 -4.53108692 2.26987934 -5.01634407 -9.79201508 -8.08838272 3.22192764
2.91165948 1.69579673 -0.116502762 2.37568927 0.508717299 -0.764851093 -0.966678262 0.0150580406 -0.801463127 -1.25539649 -0.673893094 1.33970618 -3.00859022 -6.73113728 -7.37864351 9.27241135 -2.25145054 -4.94228601
2.00895762 0.34726119 3.09769988 -1.16507399 2.64798141 -2.69528866 1.44092798 0.362370253 0.955384731 -1.87536037 0.327823877 1.69056678 3.01610851 -0.431186676 -8.00380611 1.08376122 0.878911018 6.24308014
0.535953999 2.18513608 1.38788104 2.13590407 -0.525446415 2.55630708 -0.452576518 0.244668722 -1.08437586 -1.44697905 -0.308814883 -0.0351552963 9.26854515 2.58320618 -5.235075 3.02327919 1.89407349 -1.2629776
1.4944818 -1.93945241 -0.0793111324 2.93434072 2.88623595 0.098703146 -1.95406306 -0.408086896 0.324369907 1.75869036 1.32837081 -0.939342022 4.61569023 3.57718372 8.97021675 -6.93649101 -4.65454626 7.70302582
1.17148662 -2.48195171 -0.398083448 1.51965499 3.02021098 -2.78333235 0.335652828 0.032920599 1.01585889 0.823374748 -0.944277883 -1.70476937 3.13190937 0.355169296 -4.331532 -6.95358181 3.06430817 -1.57423592
-1.61087346 1.8513844 -1.8957721 3.10699487 2.2002728 -1.57627225 -1.283741 -1.23620749 1.17412758 1.83869386 -0.884498239 -1.03487551 3.50187397 -7.79509163 5.96080399 6.87318611 2.7931776 -8.99753094
-2.84330225 -2.40651846 -1.46148539 -2.38270903 -1.18600297 -0.413723469 -1.53388989 -1.31578803 1.70596123 0.814083815 0.98738265 -1.18253112 -6.20413876 -7.0538578 -6.8781805 2.10574245 -2.73533344 -6.63355207
1.95700002 -1.85452485 -3.01444244 -0.637135506 0.274979115 -2.68875194 1.52937603 -1.93111014 1.7526207 -0.831174135 0.355883121 -1.22672462 6.59412003 -6.70981121 5.64886093 6.61845016 -5.12753057 2.05825901
-0.270323038 1.8421824 0.752806425 -2.96076059 1.68550706 -0.762785912 -0.898924112 -1.18546283 -0.154484034 -1.47551751 -1.07191086 0.707680225 -6.88858509 5.69202423 -5.9237113 4.27481842 0.835216522 -2.1142869
2.03171325 1.88188195 -0.926465511 -1.05216074 -1.93770099 -0.266247272 0.00398015976 -1.65698874 1.56419706 -0.275997996 -0.686494827 -0.529798746 6.64583588 -8.97153473 2.89893532 2.21126461 -6.62953997 -3.64174271
-2.33475876 0.865878344 -1.30256319 -1.83920693 1.63271022 -0.563666344 0.508480072 -0.898696423 -1.87061262 1.03465867 0.629966497 -1.93804562 -6.00905323 4.19155693 -8.73126888 -0.636375427 2.98661804 3.02190781
-3.09707165 -2.39109373 1.87378955 -0.0518929958 -0.577553988 -0.603243589 -0.542390585 -0.403315425 1.4759059 -0.846574545 -0.800057411 -0.371982694 2.82217979 8.56685257 -8.55410576 -7.36294556 -9.70978546 -7.96224451
0.449290037 -1.0496614 1.865628 -2.47965431 1.29990458 1.77434087 -1.75879073 0.213112831 1.49327374 -0.647107005 -1.02586401 -0.677381873 8.60969925 4.50438976 9.94822311 -1.05773163 5.33277607 2.66185379
-0.812679052 2.94401908 -2.86267781 -1.48230052 -2.33315563 -2.84587264 1.01243019 1.6739018 0.784430981 1.77829552 1.55243421 0.552867651 3.48752403 7.40087509 3.40777302 0.673772812 6.56030083 3.46548176
-2.56309342 0.151521444 -3.03909564 2.65018916 0.976629496 -1.85723376 -1.38025427 1.29830432 -1.74991584 1.7723937 0.912807941 1.00052309 2.7960062 9.03871346 -2.91007757 8.81452942 -6.25033665 3.85398293
1.45985055 -1.67789066 -2.53966689 0.735664845 -0.123315334 -2.14412689 0.298799753 -0.08046031 -0.94961679 -1.17685413 -1.78874111 1.26932168 -0.477417946 7.15234566 -2.9725666 5.40917206 9.43118286 -0.286118507
1.42862678 -2.80300522 0.140243053 -2.56801724 2.587363 1.83425593 0.276689291 -1.38829041 -1.59759533 0.370203018 -1.33282208 1.1155386 3.75546265 5.30651188 -6.85914612 -8.43238068 -5.72661877 4.00487804
0.529114008 -0.431829929 0.347581863 -1.92392743 0.671637535 -1.90466714 -1.2850399 -1.20901144 -1.34621024 0.304843903 0.662103891 1.59822559 3.36991119 4.26373959 -2.3447566 3.63001442 -2.55038309 2.78133965
-0.0101280212 -1.42786956 2.86668897 2.30666423 1.54256082 -3.00466013 -0.253326893 0.670490026 -1.10755873 -0.860207438 -0.0938494205 -1.32585263 2.12954426 -4.01201487 2.68724537 5.66455269 -5.94739962 -4.89893913
2.86630893 1.36849761 -0.741966248 -1.98422551 0.637336016 0.771010399 -0.825917006 0.807747602 0.0757570267 1.27441025 1.33056498 -0.595780611 9.34861374 -7.45406342 6.72140884 1.88713074 2.56421852 -8.09391403
1.21217036 0.456143141 0.128644705 0.0282490253 -3.07098198 -0.233346701 -0.347174287 -0.206691623 -1.29634309 0.771778345 1.9020443 -0.535258532 -9.63612175 -9.93699074 5.29198456 9.54442215 0.847421646 4.35142517
2.36748338 1.1774056 -1.9663341 -0.661048889 -1.83998442 -1.74574447 -1.40476525 -1.80023694 0.0167880058 1.76089692 1.04530001 -0.507709503 0.870236397 -9.33744335 -3.93813229 1.15109253 -3.9794569 3.39686394
-0.557748556 2.47379899 2.0901053 1.14844394 2.18216586 -2.1587472 -1.97868109 -0.959411979 -0.757750988 -0.717411399 0.0876505375 -1.16753149 2.14002705 0.239958763 -4.47490406 -1.4567585 2.90962029 -6.03236818
-0.278052092 0.0724992752 -1.72752237 -2.80085468 -1.76115513 -1.12301278 -1.29221749 1.53413272 1.72698116 -0.15072 -0.0168172121 0.313167095 8.04611969 -2.5043869 4.13342094 -1.66586113 8.28310585 3.49504471
2.47892785 2.06366706 2.05351853 2.29009128 0.739850998 -1.61387467 1.75702357 -1.0869087 0.555862665 -1.41878748 -0.018401742 1.15491486 -6.87423182 3.45754719 1.93204403 9.85334778 8.81386948 -5.42086792
2.40770745 -0.650901794 2.17677045 -2.97466946 1.57592845 2.31508994 -0.986955762 -0.0588972569 -0.115934491 0.386793852 1.79462957 0.970165968 0.0114784241 -5.31518841 -6.32049942 4.31134987 -7.07649565 -9.92968845
2.0316565 2.05983043 -0.585525751 -1.22819674 2.15142226 -0.635812044 -1.17987144 0.215376854 -1.72074676 -0.162999868 -0.255917668 0.291028023 4.94528294 -8.90615082 -9.02287865 4.34866524 5.27739429 2.51899529
3.10764956 0.299273491 -0.214623928 0.803602219 1.65625787 -2.01421928 1.5693388 1.53187895 1.3390553 0.540235281 0.275248528 -0.17026639 6.75785255 -3.0147748 -3.19382429 -7.05595303 9.41894722 -0.0479459763
-1.3390696 1.40614104 -2.87476039 -0.873578072 -1.65024018 -1.14978516 -1.52931499 -1.28588915 -0.294411063 -1.55068684 1.78611207 0.374519587 -1.98294163 8.20430183 3.55514717 5.02455521 -8.00273705 -3.00094366
-0.854405642 2.82414651 1.49870563 -1.36781466 -3.08756256 -1.37135196 0.0278697014 -1.60617876 1.58325028 -1.07884383 -1.62936091 -1.55005765 -9.94113731 -5.47768211 1.16070557 -6.53661585 -0.157897949 9.33288193
1.38767505 -2.22852254 -1.48223591 -3.11707425 -2.67990994 -0.82263422 -1.39220452 -0.98375845 -1.40744209 1.29271698 -0.194619894 -0.102961063 -3.02287483 0.807823181 6.89608002 3.25635433 5.72939682 0.0638504028
-1.57554793 0.571470022 -0.429496527 -0.758024693 1.84965396 2.46200728 0.663429022 -0.591299176 -1.99161232 0.584437132 -0.671719313 1.55672622 2.58649826 -3.04693222 0.258525848 -2.84271479 -7.93484735 6.76348114
2.54366422 1.22386527 2.09459281 -2.78404999 -2.26346898 -1.455827 -1.52699208 1.75409007 1.6459465 1.32555223 -0.703350782 0.527933359 3.16991901 1.82528114 -6.17411137 4.88730049 -0.782581329 7.74380112
-2.13108778 1.37651849 0.388383627 -2.16822195 -1.31870544 0.0519156456 1.90165353 -1.38581479 0.950996399 -1.70392823 1.01412129 1.79933357 7.22643089 -0.965978622 8.22645187 -4.7703495 -3.97400141 9.37659645
-1.34779072 -1.27329659 -0.508632183 0.573935032 0.348077059 -3.01972055 -1.41157782 0.137484789 1.64342499 0.298547745 0.676741838 0.486373186 1.30354786 8.43382263 1.73737144 3.35208511 -1.29098988 8.12476349
2.26019454 -2.27289844 1.3670485 0.211937666 -2.03394699 2.40770411 1.75760365 1.89569497 1.12393832 1.60582137 -1.35922289 0.162984371 3.08771229 -4.7909646 5.06812286 8.44625282 0.61463356 1.65108585
-1.24324405 -2.13191366 2.59645915 0.666585922 -0.802254438 2.13145566 -1.48156619 -1.51927614 -0.477754354 -1.44624436 -1.23233151 -1.53934097 -8.59745598 -9.50700092 -6.0620904 -0.0537261963 0.000825881958 -8.55399609
-2.73623586 0.662901163 2.76182818 2.96441102 2.75321507 -1.93388081 0.137855053 -0.667863846 -1.68475461 -0.896371484 -0.0355465412 0.754166365 -2.07213306 2.27875519 -5.0532155 -7.66670418 8.51543617 -9.89672375
3.03030038 2.022053 1.88438249 1.1431787 1.50100875 0.0267767906 1.17758346 1.22946811 0.367487431 -1.61637712 0.098335743 0.422901392 -1.14007092 0.546819687 5.67842007 -5.3107152 0.418096542 2.71846771
-2.33760548 0.0406317711 -2.86420774 -1.45720184 -2.98837137 2.54505181 -0.758663177 1.60591698 0.54262352 0.474148273 -1.99924791 -1.07271016 -7.42631054 -1.76822567 -9.60685062 -0.148907661 1.79318619 5.61562347
2.91391492 -0.255120277 2.28262925 2.15489411 0.807266712 -3.0497613 1.68562722 0.903126001 1.75936437 1.8427043 1.40873742 -1.9780966 1.03066349 7.70421219 -3.44948387 -1.61776257 4.03628826 -3.91603088
2.4012382 -0.50561738 -0.486593008 -2.18250251 1.61045623 1.5730226 1.34983921 0.259200573 1.37150645 1.26304412 -1.2346015 1.22215724 -5.95762491 -3.69384813 4.82063293 4.02768993 4.1316433 -4.92225599
-1.18820632 -1.51288843 -1.4983536 -0.474949598 -1.31996036 -1.37801611 0.665539503 0.966355324 1.17712259 -0.820175052 -1.71454167 -0.301601291 -8.80650806 9.19919205 -2.53614378 -5.69544506 9.8090992 -5.28297043
1.93761992 -0.553585529 -2.3629179 -2.83932114 0.452352047 1.56207061 -0.194406509 -1.11774051 0.864784956 -0.0391175747 0.864796638 -1.8391937 -7.88063526 -7.4477582 0.209177971 6.75345802 0.878591537 8.75128174
-2.47307563 1.72936845 -0.00152039528 2.95632243 1.81164765 -1.41189563 -0.497974515 0.633381128 1.74447131 1.48017454 -1.20886385 -0.331223369 -9.21535683 7.08109474 3.52515793 3.47887897 5.09125614 2.29222775
2.4787724 -0.908448219 -2.04905081 2.59134603 -2.27655554 1.66235662 -1.40780318 -1.87390852 1.45110202 1.18214273 -1.91023386 0.89571023 0.309475899 -8.24580002 2.45467186 4.88332844 -3.03984737 1.40961456
-1.00836992 1.55859876 -3.03226519 3.09457994 -0.333589077 -0.544539452 0.909151316 -1.34850359 1.92415404 1.48017693 0.331775188 -1.34253693 6.56726837 -0.885277748 -0.627267838 -1.40033817 -9.85770893 -5.71857834
0.447919369 -2.72951412 -1.07073712 -1.05308747 1.05354762 2.02966571 -0.371853113 0.271514177 -0.951892972 -0.198039532 -1.27340198 0.736361742 0.0521793365 9.56222343 -4.76919127 -5.02241755 -4.88764238 -4.21541262
-2.85660243 -1.79849851 -1.40214515 -1.23195136 -1.78142917 -1.17730594 -1.2832768 1.50873232 -1.11477757 -1.66237009 0.555467606 -1.18656063 8.13306618 -2.80447054 -8.79980087 -0.807281494 -2.39403772 8.00063705
-0.428683519 -2.67050958 0.892166376 1.59918284 0.0600447655 -2.46294498 0.333925486 -0.173014283 -0.769941807 1.71558952 1.8803916 -0.95945704 6.29630661 -3.05724907 -0.48278904 -7.88581753 9.6977787 -5.27902889
1.56387448 -1.70392716 -0.907067537 1.55258441 0.202262163 0.46813345 -0.626267433 -1.04920888 0.979575634 0.0535182953 -0.384404778 -0.239798069 7.10044479 0.953422546 5.70843124 1.40918922 -0.992714882 -0.656045914
-0.706179857 1.90483975 1.920717 0.576396942 -2.99179769 0.348168612 -0.743794441 1.27511311 1.59095263 -1.32880974 0.546528101 0.674205303 1.76358128 9.14668274 3.29888248 0.0891313553 -5.34240627 4.61249924
2.48586726 -0.0190691948 1.4686687 -2.6618793 -1.21769202 -2.51387739 1.0086143 1.66403437 1.90535188 -0.0200458765 -1.98949814 -1.2568717 -4.9427104 2.98003769 -4.32716656 0.626052856 -8.45539665 6.50688362
0.536126375 -1.83602548 0.829793453 1.96274686 -2.74621344 0.837951899 -0.0389506817 0.31463027 -0.418436766 0.691121817 1.95216823 -0.899524808 0.126242638 -8.04485416 -0.993810654 6.34460449 0.593515396 0.58829689
-1.6450032 -2.48243618 2.46355319 0.783160448 2.60049367 2.8594377 -1.82381678 -0.916328192 1.84055662 -0.323809862 1.36680365 0.823322535 -0.963415146 -8.7598114 -3.04776239 5.46445656 -5.14984941 5.70416069
0.220517159 -0.726984739 -1.59708726 0.808194399 0.704919338 1.94450116 -0.945462584 1.76394105 -1.41556609 1.01640606 0.388084173 1.99141383 -1.94149113 0.0367546082 -7.02855873 3.95641804 1.1105442 3.86746216
1.31951356 2.97659564 2.36593699 2.58601213 2.59400105 -2.50395131 1.72550511 0.648847342 -0.862036109 -0.858761787 -1.8240217 -1.77050495 1.75958443 7.77820969 -0.382598877 1.72228622 6.97036171 -3.4613657
2.78091264 1.28323579 -2.81052423 -2.77640557 -1.6091224 -3.03539205 1.61938572 0.502574921 -0.0150583982 -1.21158171 1.51558328 1.25723028 2.05695534 3.18348694 8.88352013 -4.1325469 5.71232796 -9.80363941
0.23652339 -2.94507241 -0.722133398 0.452549696 -1.8102299 1.18773007 -1.65374172 0.924134731 -0.780728579 1.4356854 -0.576573968 1.65349817 1.29751205 -6.81496143 1.80995464 -0.481146812 -8.47243214 -4.60217237
-1.59792507 -1.72944105 -2.32632256 -1.48506081 2.58375955 1.88918042 0.152877331 -1.72190928 0.458273888 0.0539600849 1.42234993 0.676223993 -3.27618694 4.51759243 8.29381943 -0.648711205 -0.130748749 0.148900986
-1.96618474 -1.06955981 -0.179237366 -2.02429056 0.70452714 -0.935132742 -0.783314466 -1.41720986 0.0382623672 -1.80555689 0.745641232 0.0212199688 -1.40765667 -2.30989218 5.5136385 -6.78195 8.76019478 3.28342247
0.463998795 0.750465393 3.00153422 1.40222383 -1.15465164 2.56420159 0.396872282 1.39306903 -0.75538981 1.54947495 -0.809286952 0.959877729 -6.34231377 1.50534439 5.83046913 -6.61988449 4.82931042 7.30054474
-3.0257957 2.38133836 1.22682261 -1.39482474 -2.26363659 -0.166030884 -0.256945491 0.216603756 -1.45711124 -0.480964065 1.84229207 0.198365211 1.34610081 0.393369675 -3.56530571 6.6771183 -0.925476074 -8.10488605
-2.16404104 -1.73674536 -1.9286561 -3.10883427 0.295910835 0.29651475 1.7991209 -0.803794146 -1.1279819 -1.21820438 1.68093395 0.676924467 -0.571349144 2.45980263 0.729316711 -8.15535927 -5.13774872 5.59807396
-2.88903141 -0.872313023 0.762889147 0.385783911 -0.684700251 -1.8941015 -1.49221325 0.700271845 -1.28542089 0.02105093 -1.47715986 -0.28717792 1.51633263 -4.33590317 2.65552044 2.41752815 -8.77488136 -8.05525017
-1.3853581 -1.17812896 0.412617922 0.496951342 2.83140445 -2.22892475 -1.81261277 -0.997742176 -0.833571434 -0.602501035 -0.130337358 1.85231924 6.81003952 -1.89777946 -0.835903168 -2.40993214 -5.42121935 5.3139925
0.345497608 -0.380827665 1.4948132 -0.806712151 2.45412993 1.24255013 1.1617794 -0.541714549 0.999797106 1.99189353 -0.460847974 1.79144788 -3.68153477 0.77025032 8.41140175 4.84534836 6.86706734 7.22774124
-1.30760634 -2.01589966 -0.0192670822 -1.2617625 0.469585657 1.51463437 -0.0850464106 1.39208245 -0.946918368 -0.526902676 -0.49394989 0.72720933 4.22078609 8.22028351 -9.72098732 -5.68434 7.12835121 2.40893745
-1.22009146 -3.07457209 -1.62094295 2.69225955 -1.75863862 1.5374825 -0.61041522 1.26084995 -1.86125326 0.4929533 0.416222572 -1.16498482 2.71481133 4.12813187 -7.29685116 -3.8363905 8.51750565 6.57446098
2.17323327 -2.33499026 2.97887969 0.164356947 -0.693971634 -0.815600872 0.896705866 -1.55229652 -1.4173069 1.9834342 -0.280221701 1.61299992 -1.14457798 3.59713745 -7.87223721 -8.0327282 -9.47391891 -5.32342005
1.14542937 2.6289947 -0.526973248 2.46994853 0.203141212 -2.75878072 -1.79160833 -0.117403388 0.677249908 -1.7411716 -0.391903281 -1.05275404 -9.6103096 8.22423744 5.16404152 -7.46111155 -3.33611393 -3.74872255
-0.89471364 -0.770195723 -2.29998446 -0.0189640522 1.76514697 -3.09021878 -1.96015775 1.05549335 1.38566279 0.232871294 -1.20115256 1.0688982 -2.43947029 -0.474654198 6.9004097 -5.418715 -6.35518456 -6.5221405
-2.75596642 -1.58878207 -2.10127211 0.550791979 -2.05252695 0.195144415 1.6094389 0.64043355 -1.08274961 -0.395297885 0.215931416 0.484607458 -0.85086441 -5.03332424 -9.57264137 5.35672283 8.19576263 0.354925156
2.13895202 0.78734827 3.11136127 2.82095027 -2.44743681 -2.47455835 0.497333765 0.683173418 -0.596806169 1.62648773 0.639708281 0.965886116 -4.30317688 7.89186668 -2.1352911 3.36694717 9.16581154 8.13240623
-2.27297258 -2.42268109 2.06576943 -0.400716066 -2.60465002 -2.67655945 -0.852075338 1.53067613 0.920482159 0.206913471 0.850114107 1.12747955 -0.568267822 -2.04784679 -6.44870234 9.2495327 0.660713196 7.9922142
1.71336293 -2.48369694 1.69970918 -1.67194319 -2.81975341 -1.2346226 -0.804643393 0.591694832 0.938650131 -1.81856799 -1.99158776 -1.84101725 5.92239857 9.70196533 -2.10289383 -0.714191437 4.11146641 -7.1983633
1.21961808 2.92517495 -0.918023109 -1.47741497 0.0544462204 0.174789667 0.404348612 -1.88043547 0.490375042 0.385169983 1.82992649 -1.23252988 -3.32010937 -2.30106449 8.66314316 3.17038918 -2.4140954 3.76269817
0.587203741 -2.57968068 -0.892199039 2.3674438 -2.56269097 -0.695546389 -1.23755336 0.451170921 -1.97077572 1.43402743 -0.200861931 -0.978731632 -7.49136162 -6.17313623 -0.299860001 5.99455261 9.31993675 -4.57680798
1.38080239 -2.19565392 -1.7399925 0.971046209 -1.10755467 1.80820584 -0.637905121 1.65730858 0.909946918 1.76869678 0.342966795 0.484000921 -7.13503122 -2.12077713 -6.94092274 -1.43635178 3.784832 9.91386032
-1.50706482 2.93251967 -2.04154468 -0.612139225 0.171583652 -0.206695318 0.796444654 1.02353859 -1.56532526 -0.461667657 1.57660365 -1.8037982 1.52589703 -0.860951424 -0.51236248 2.6356039 -9.26751709 -0.562139511
-0.204703093 2.67826819 -0.566411018 -0.306617975 -0.880986452 -1.00495243 1.95752788 -1.88510907 1.96148467 0.592900991 -0.892851591 -0.710992575 -0.375938416 1.43833637 6.6216011 -0.938055992 -3.51985455 0.649749756
2.83484769 -0.746088028 1.93587327 -0.574018478 -2.06864882 -2.1823411 1.81468558 0.0355727673 -1.9147923 0.548961163 1.46570563 -1.42817843 2.67981148 -8.03292179 4.01431465 -2.75462627 2.4121294 -3.33316278
-2.91714096 0.824477673 -0.772037268 -0.762771845 2.00792384 -1.22624767 -1.29163003 0.937889099 1.33761978 -1.52086306 -1.59833801 -0.482785463 -5.41305161 0.283651352 -1.35768795 -1.42010403 -1.82191277 8.29635048
-3.11927032 1.14998174 0.466410398 -1.20119238 2.44408441 3.00094008 -1.55383039 0.885898113 -1.57820797 1.91846609 -0.883030653 -0.870579362 -7.55431461 0.492524147 5.84170151 -3.73743439 -5.14801121 6.72081947
-1.92238998 0.657529831 -1.79601502 -0.159710884 -1.99470627 -1.32011032 1.80071545 -1.90256858 1.73145843 -0.41065824 -1.5117085 -1.44033337 -9.38365936 -8.93792152 9.84513664 -6.96380138 3.46276474 -1.55520916
1.83497453 0.109519243 1.51276565 -0.891455173 -1.09826088 -0.279092073 -1.82293642 0.647424936 1.33692789 0.741192818 -1.17301989 0.866457224 0.203351021 7.3586731 -8.71491718 8.44989395 -1.3571682 6.53374672
-2.60962963 -0.0492985249 -2.6981411 -1.22194493 1.66354108 -1.95521343 1.30260825 -0.340369821 0.921900511 -1.26491785 -0.86605227 -0.0708914995 2.16413975 1.13028336 9.39887047 -5.66053772 2.5566206 -4.80795956
-0.929948092 2.65272498 1.8177774 2.7844007 -2.88445497 2.65554976 1.79363155 1.3089602 -0.153079391 0.348087072 1.80095601 -1.93837392 2.44993114 6.87303543 -7.80023861 4.92426968 -0.623922348 1.53492928
3.10345054 -0.557025194 -0.0698640347 3.11511111 -0.498079538 0.0142667294 0.519231796 -1.34855652 -1.1209023 -0.848398924 -1.96414578 -0.664020538 5.31642437 4.98840332 -0.159095764 -2.31308699 -2.0671854 -8.62685013
-0.729789019 0.852510691 1.80468631 -2.92440414 1.71331048 -0.650111914 1.95257688 0.0470876694 0.514993191 0.863417387 0.390537024 -1.81574321 -4.00083494 -2.2718277 5.85518932 -3.44378424 1.56432533 4.03012276
-1.72402227 -0.481321573 -2.53667641 -2.04430151 -1.1414206 2.31433892 1.09335351 0.0899615288 -0.669833422 0.794740438 -0.0168014765 0.871483088 5.70569515 1.71853828 0.97594738 -0.0524921417 -0.481723785 -7.71359873
-2.25062799 3.11679721 -2.28422856 2.45919394 -2.70097709 -1.49961734 -0.0424369574 0.490232229 -1.46529961 -1.35480332 0.462271929 0.958390236 -2.51227617 9.09554672 6.12239647 8.01536942 2.70703411 4.60666847
-1.10569572 -3.05824709 -1.02882671 1.26718879 -0.681804895 -2.94781303 -0.469142079 0.706434965 -1.20162356 1.26992011 -0.380019546 1.54006791 -9.55494595 7.38874817 -3.59694958 1.19208717 6.56852913 6.33264351
1.81818891 1.87656188 2.95194745 -1.46060646 -0.402485847 -2.80040526 -1.61542821 -0.832348347 0.00822043419 1.33227396 1.01239514 0.115280628 1.22783089 -4.26009655 9.09548759 8.06262589 6.99069405 -7.42092991
-0.195868254 2.54116368 2.85154939 -1.93335164 2.88734984 0.837565899 -0.836115718 -0.319431067 0.0343852043 0.120549202 -1.1411171 0.0666389465 -3.17559052 1.26047325 -5.43555784 -7.52338505 6.00713921 -2.6400938
1.11096406 1.29824805 1.78246903 -1.34197891 -0.700189114 -0.476926565 1.26214004 -1.58465016 0.637100458 1.05206013 0.26715827 -1.52801085 -5.0226059 5.44985867 3.11512375 -7.16332626 -8.87022018 9.47537422
1.57325959 -1.44160283 1.54215264 -2.40150666 -0.0934309959 -0.403512716 1.7568624 0.28878665 -0.619150758 -0.948462486 -1.08777928 0.759459734 -5.61224413 -1.79825497 -1.35943031 2.61255169 -4.75392294 4.84817886
2.7332499 2.60444617 2.05382276 -1.9470017 1.32887864 0.0225291252 -1.16435719 0.018995285 -1.44768906 0.472960949 1.86139822 0.79630661 -6.14344597 4.39686584 -1.37565231 1.64552689 1.88395596 5.62076569
1.65512013 -1.38475215 -2.10377884 -1.24338138 -1.94404006 -2.5009799 1.1620152 1.88582587 1.90452671 1.15440726 0.791456223 -0.262513518 0.307445526 -0.24973011 0.265898705 -8.68819427 -1.19516468 8.66500473
-3.08852267 0.13470149 0.506948471 -0.863670111 2.01232839 2.37573171 -1.17291164 1.14082313 -0.0550544262 -0.129235268 -0.812437892 -1.70351219 -4.75216961 -1.70042896 5.10468388 7.78574562 4.76515579 -8.30030918
-0.540877581 1.97184777 1.95976233 2.94998717 -1.06602859 2.17648053 -1.64270639 -1.22611105 -0.886085629 0.233347893 -1.10392296 -1.83314729 4.3568716 8.54627991 8.08677864 0.481014252 -4.38998795 -4.95563459
1.97831511 -1.96576512 1.85282636 -2.11235476 -2.65647221 -1.22309935 0.38225317 1.3900528 1.60354185 0.473605633 -1.70135081 -0.540359974 -8.23168468 0.417469978 -0.388516426 7.88129425 -7.75287008 2.07760334
2.73206973 0.521004915 -1.87723076 -1.43635476 1.40234208 2.72474742 -1.95167613 -1.6890105 0.819931984 -1.37870705 1.04012442 -0.406285524 -7.27385759 -6.73642874 -8.86915684 6.59540749 -0.309006691 0.0889644623
-1.82503104 1.79962373 0.00615692139 1.90316749 -1.61066794 -1.32352543 -0.790474415 1.80184603 1.37457466 0.0562970638 -1.19987535 1.26226711 8.51605034 7.336689 -9.94105721 2.91448498 7.14653969 2.01071358
-2.13624287 0.60824585 -1.32251692 -1.10620475 2.27397704 -1.08197975 -1.31211782 -1.36019373 -0.65416801 -0.591931105 1.71658635 -1.10117829 3.44402885 -9.90184498 -1.25619984 4.02923012 -6.42409134 6.21118164
2.714854 -2.32722878 -2.79729724 3.02271724 3.00648236 -0.928564072 0.541166544 0.72013998 -0.356055737 -0.342452765 1.3964026 1.55246806 -7.08653259 -3.31616974 -0.560957909 1.32580185 -2.1547842 8.93600082
-1.77405691 -1.73370755 0.304302692 -1.19993651 1.48111606 -1.40948045 0.657182932 1.65489912 -0.00552690029 -1.24005163 -0.45068121 1.61790371 -8.13731289 4.6265707 0.0698671341 -5.74090624 3.66218185 -6.14404106
-2.27378201 2.50151467 -2.64401269 0.885689974 2.84236217 0.511411905 -0.287785888 -0.616961122 1.54005384 0.0326976776 -1.51051235 0.00133037567 8.41804314 9.55262184 -1.07154369 8.51800537 1.94433784 -5.81569004
-0.355169296 -0.991600752 -2.45123291 2.26773381 1.65325141 0.259319544 0.432912827 -1.21695411 -0.895321846 -1.91508865 0.973370314 0.573411942 6.72694397 -8.67313766 -1.96459389 -9.007164 -6.94183302 8.42234802
0.429262638 -3.1394453 2.66890883 1.65205264 2.47563195 -0.900154352 -0.837244749 -0.299399972 -1.27643561 -0.413628936 -1.85358846 1.83651948 6.51236916 5.19852066 7.83193016 9.69065857 1.88172817 6.928339
1.56292558 -1.36546934 -0.851633787 2.62573981 -1.21244824 2.42758441 1.22006488 -1.46208668 1.37119579 0.765812635 -0.424930215 1.72142124 -5.15214825 -2.07305908 9.95395279 -7.73183203 -1.14831829 8.71620941
-2.47029376 -1.5484097 0.0413293839 -2.39067578 1.1133678 -0.156895638 0.306078672 -1.84306514 0.365677118 1.71969461 0.249328613 -1.94190383 -3.07367516 -4.93598747 -0.874582291 7.05438805 -0.459532738 -5.24370289
-2.34098649 2.31074548 -1.27121842 -2.61256361 0.285077095 -3.13553715 0.779907227 -0.447290421 0.347910166 1.78676105 1.43793797 1.2646904 -3.4539547 -9.45628166 -6.90815878 1.87789154 0.0623369217 5.31335068
1.23801875 -1.60024774 -0.610933304 -0.876037598 -1.05222178 0.706351995 0.119275093 -0.659346819 -0.102045059 1.28227925 -0.525793672 0.963681698 6.91020203 -6.63204622 8.57472229 7.54707718 -1.35874653 -0.0702352524
1.37385297 2.0819447 2.37824845 -1.33054876 1.51073337 2.46320271 -1.82309866 -1.22288728 1.20941901 -1.63651276 0.122096777 0.130083323 -5.40544033 -2.00008869 8.75158882 8.0865097 3.7784462 -1.72221661
2.273 -2.57209587 1.07929873 -2.5116756 1.14782071 3.03052163 -0.589271665 1.58004689 0.55898118 0.619515419 0.586907387 1.58362985 8.24563599 -1.54861546 -0.513912201 -5.26300621 9.77028084 2.56011963
-3.010638 -2.93870902 -1.50566208 -0.157639265 2.38211036 -1.04880381 1.81332207 0.934105396 0.405658007 -0.281358004 1.47645307 1.48601937 -7.84826231 -8.64778709 -6.89886189 3.25347042 -6.8083539 4.95423317
1.44654679 -2.48638844 -0.439860106 -1.32600915 -2.11593199 0.186882496 -1.8584137 0.199072599 0.36549139 -1.5120306 1.60033226 1.99448776 3.20980549 -4.09597778 -2.3466711 -7.89404964 3.61204338 -6.65378904
-1.18386173 2.73619771 0.760255337 0.533326387 -1.66264987 2.94991755 1.07817554 1.38503957 -0.350101113 1.796839 -0.173321605 1.17056227 -4.4408803 -9.49704647 0.968435287 4.1218605 9.82220459 2.68964386
-2.017591 -2.8948369 -2.73800254 -0.490041256 -1.45664024 -2.98235416 -0.383912444 -0.386644721 -1.96014643 -1.67873013 -1.01409841 -1.14948511 -5.34203911 6.30468941 2.5110321 0.675691605 -9.09878635 -3.68843937
2.38868928 2.50453639 2.77719045 1.65327954 2.55495 1.85486579 -1.49718499 1.97576904 0.810142994 -1.59667325 -0.514038563 1.44677496 -3.34848452 -8.51098347 -7.53223038 -2.86809206 1.82796478 9.40467453
0.880648851 2.84844327 -2.56809616 0.202436686 0.807148695 2.48717189 -1.97721887 0.17800808 -1.79161501 0.276492119 -0.979292512 0.989585638 -6.76602459 -0.0472040176 -6.10808945 8.81237411 0.723528862 2.00430107
0.531686783 1.3400538 2.09655833 -0.335598707 -0.0442500114 2.96199584 1.12757301 1.16597748 -0.282034516 1.41483474 0.247538328 0.236441851 1.9309864 6.25119019 -6.87046242 -0.551955223 3.28597069 2.26840878
2.33629346 1.94529605 2.11218858 0.524058819 -0.808684349 2.22462535 0.885866404 -0.726258516 1.79643798 1.88720274 0.535407782 -0.266396284 -4.51720715 1.08356571 -2.2037611 3.32461357 -9.18500614 9.80742645
1.58082318 2.19652104 1.4724257 0.326035023 0.0995357037 -0.921894312 -0.447683692 -0.396244168 -1.34323907 0.495131016 0.47975564 -0.0203970671 -2.30815649 -1.85327816 -2.01247644 -6.00380516 2.15877914 -9.41327095
0.181746721 2.64588857 -0.0770537853 3.09301639 -2.36485553 -0.769033194 0.359143496 0.84528923 0.561162233 -1.78680241 -1.04751205 -1.86847794 0.239233017 9.37665176 -7.82568455 -2.53612328 -6.16132259 2.69738388
-1.3671453 0.230005264 0.899418592 0.0569727421 -1.21624851 1.87383151 -0.964170933 -0.68219769 -0.941641212 0.36909771 -0.275152087 0.216853857 9.64131737 0.962778091 -7.71749353 -3.09281063 9.6849308 9.06710052
-2.69665933 -1.52047968 -1.17242181 -2.60155869 -2.61335731 -0.626264334 1.54460502 0.910713673 1.51832795 -1.40582275 -1.64691186 0.133680105 -0.222896576 -6.81067657 6.31642342 8.48606873 -3.09586096 -6.85838652
1.67966914 -0.276439428 -0.611099243 0.268541336 0.589586496 0.932158709 -1.25934577 -1.20318985 -0.793192506 -0.504188776 -0.522649765 -1.62029767 1.66574574 -5.91273785 7.84101295 -3.93330669 4.6407547 5.09151268
-0.483329535 2.73759913 2.23716378 3.08891273 1.47644591 3.08042359 -0.77481091 -0.660284638 -0.490582824 0.389978886 1.4089601 0.186014414 9.96727943 1.32289124 -7.60618782 3.31056499 9.50620461 6.02850342
2.42889428 -2.04159307 -2.03223419 0.322091341 -1.73371482 0.294367075 0.92357564 1.960217 -0.582520485 -1.19465375 -0.509912848 0.773807049 4.97059727 7.04247284 7.08704185 -3.44513607 -5.4163537 2.04606247
-1.08861566 -0.513751268 1.57629991 -2.64148998 -2.21528172 1.418082 1.77768922 0.134647846 -0.936356187 -1.96989369 1.38777828 0.308361769 -0.170635223 3.12857056 -2.27996397 -4.5386343 -8.21426201 -9.60538006
-2.23294592 -0.71699214 -2.43377995 -1.41279018 -2.06525612 -1.70765519 0.514716387 0.727294207 0.490000486 -0.0909130573 -0.746743441 1.35489678 7.60097885 0.371269226 -7.5672636 -6.77036381 4.26857948 4.77044964
-0.126890182 -3.06287217 -0.979094505 1.02635169 -2.41219091 1.72275901 1.85854268 -1.21877539 0.886527538 0.0291438103 0.269390821 1.00272274 -9.5859127 9.46287918 6.34991264 5.00105476 -3.01442719 -8.10331345
1.44745374 0.175211191 -2.62602425 0.452878952 3.05411553 2.76945472 -0.30293417 0.352264404 1.45425177 -1.11428714 -0.32177186 0.848585606 9.05980873 2.26257801 9.16604805 -4.58337784 -8.70444965 -0.396057129
-1.34487104 0.813657761 0.00509357452 -1.35799944 -1.87889671 3.13622355 -1.71052599 -1.18875885 -0.955441117 1.41812372 1.67295313 -1.34399343 7.4917717 8.93327141 -8.33292294 -5.28481674 -8.04420948 -0.330884933
-2.73571539 -0.841215372 2.50158811 -2.32771516 -1.78518128 0.873739004 -1.89874339 0.91904521 1.3799541 1.23139834 0.948286533 1.93947721 -0.439508438 -3.44748211 3.00589466 2.3214159 0.161035538 6.25263786
-0.147507906 -2.29444265 -3.12254763 1.54097676 1.80534768 -1.25951004 -0.567764163 -0.0345464945 0.591493368 0.299203396 -1.5865519 0.251410246 1.72346497 -6.77372932 -4.7473135 -6.3513298 9.84566116 1.89423084
-0.597969294 2.38542056 0.742496252 -0.198202848 -1.01259208 -0.618447542 -1.94918168 1.70353603 -0.722741723 0.875471115 0.0381374359 -1.92681646 -2.41288853 -2.00062561 5.62414551 -5.05139065 6.12636375 9.50271416
-2.06456327 1.22608781 2.17177558 1.58860087 3.00924182 -1.93511152 -0.327275753 -0.580244184 -1.73309183 0.415009499 -1.64948726 0.00820040703 -7.67655134 -7.98928595 0.0122823715 -0.0577440262 -9.65114975 7.52804565
-1.48655367 0.136809349 0.270722866 0.339856148 -2.29399347 -3.04924417 -0.151040196 0.889922619 -0.0503489971 0.260593891 0.907199621 0.734444141 -7.00048685 -9.24040127 8.91569328 -4.856143 -9.34578705 2.23514748
-0.0822730064 -1.52970505 1.77846408 -0.215718508 2.34844041 -0.621790409 0.0266387463 -1.94330168 0.83899188 0.281413794 1.67015004 -1.81679308 -7.82015324 -7.59331131 7.96297455 2.9331398 -0.285969734 0.591568947
2.51752496 -3.03565788 -1.75149 -2.04485273 0.39632535 -0.0638990402 -0.625778437 1.78893709 -1.96759832 0.191712141 -0.967301369 -0.658265471 -4.38188505 -0.0384864807 6.23258018 -7.6406498 8.2296524 5.46658897
-0.704986334 -1.80204833 -3.06512141 -1.38141119 -0.738420486 2.73601222 -0.2205019 -0.873126507 -0.0227028131 1.53964901 0.919504166 1.08403134 5.64866924 2.36447144 -0.0556936264 8.32070732 -0.144216537 -0.751749039
1.79137111 1.78889966 0.43935895 1.38430142 0.552009821 0.161370516 0.219504356 -0.647864699 -1.00095522 1.72166944 0.796931028 1.04880118 6.73488998 -3.15198421 -5.26650429 -1.39872646 1.52816582 -2.14797783
-1.68893075 -1.99112213 -0.169718504 -0.189288855 -1.56724644 -2.9441812 -0.316712499 1.68256259 1.03132176 -1.95670438 -1.91183496 1.93323636 -4.63042641 0.189524651 -2.44567347 5.37907791 -3.33904791 1.74468994
2.97334266 -0.622471094 1.07190633 -2.53443027 1.04614854 -1.9106853 0.782925367 -0.150887728 -0.687475324 1.96007752 -0.75856936 -0.31200397 -8.20309258 2.73111439 -9.33003616 -0.061422348 -0.567239761 5.56064224
-2.06230736 0.784330368 0.000640392303 2.76939559 -0.134459734 2.79513955 0.172449112 -0.982205391 -0.252665997 0.37032342 -1.26488256 -0.00707650185 -7.98757601 4.79278374 9.01485634 3.15792847 -2.00676346 2.79169559
-2.69932914 0.754046679 -0.759486437 -2.89107347 2.83593202 -3.00853252 -1.21925545 1.72063589 0.592880487 -0.452890515 1.10892534 -1.11582196 3.18538761 0.00205230713 2.88803482 -7.71792746 6.16986847 -2.92862034
-3.06557178 -2.23892593 2.80281806 2.39095569 -2.25022721 -0.17771244 -0.941496015 0.0664682388 1.22566557 0.795277596 -1.76060963 -0.716498494 -3.92793941 3.97030926 1.42645931 -4.54031992 0.904724121 6.45479012
-2.59655118 -1.53115785 -0.125330925 0.259974241 1.28213048 1.92625928 0.109453917 0.291772842 -0.634297013 0.22508359 0.408174515 -0.160601497 -0.943465233 -6.04183388 4.30683136 -4.10499763 -4.85793018 -4.67911053
2.4415462 0.0261933804 -2.16269445 2.30362344 -1.08997345 1.1547215 -1.1979835 1.73383403 -0.324749351 1.23418903 -0.770804048 0.248024464 4.82640743 2.64582443 -1.29820919 -5.22611284 6.24596214 -6.43594456
2.46035886 1.81831288 0.38426137 1.15174174 -1.77316892 -0.675149202 -1.69993365 1.42721534 1.05425429 -1.99740779 -1.18760967 -0.733694434 5.60711384 9.08055687 -0.161138535 1.2235775 6.52090645 -2.3716774
-0.499590158 2.77139354 0.585393906 -2.75348878 -0.923018694 -2.88014531 -1.25089109 -0.721644402 1.90999126 0.236749887 -0.179458618 1.60852194 0.163852692 -0.612573624 0.104221344 5.73763752 9.59173012 8.43050194
0.098470211 0.0870673656 1.40058637 -2.33869743 2.44699693 -1.82591558 -0.510315418 -0.239678144 -0.860554457 -1.88625121 1.27339721 1.90997434 8.9895401 5.99084854 0.304868698 7.43110085 -6.55495262 7.6415844
2.2685535 -1.78492594 -0.222858667 2.87058139 -1.22293139 1.43951488 1.53527117 -0.117974877 1.69490814 -0.372330666 -1.32453275 -1.89846683 -3.50830841 -6.76280022 2.57111359 5.152421 2.06717587 -4.83443642
0.446397305 -2.7518332 2.52336383 0.719630718 2.85145354 0.842433691 0.6571033 1.43209529 -1.23455143 1.90949512 -0.170199871 -0.473959446 4.28015804 2.02947235 4.47509575 -6.63051224 -3.22184372 1.32721138
1.33762622 2.60853553 -1.4659394 -0.35524106 -0.0729990005 1.99349856 -0.147106886 1.30554891 -0.552293539 0.14851737 1.65734935 -1.34835804 -8.61671066 2.78869438 0.347276688 -3.21626186 1.31030655 -7.84879208
2.92205167 -1.33134913 -0.0267336369 0.161401272 -2.38560605 2.14147544 1.40963054 -1.86009204 0.968249798 -0.708131194 -0.173783183 0.457300663 -7.15277195 -5.89414883 9.14909554 -3.97559357 -3.49580002 -6.08696318
-1.66610909 0.664350033 1.27625442 -1.68143952 -2.32027173 0.49856472 -1.87686384 1.89625096 -0.251080275 0.310209751 -0.179527283 1.81058979 1.73047161 -8.57975388 2.33192539 -4.14685249 -0.613627434 -0.907226562
-2.2585218 0.955237627 -2.64671493 1.57852387 1.9484489 -0.0631344318 -0.249866962 -0.545332074 -1.56359482 1.8471303 0.144831181 1.09028029 -1.54307747 7.06748772 -6.86709213 -7.88944912 -2.63340235 6.67985344
-0.585470915 1.42096877 -3.12877488 1.69975877 2.95368505 1.61214089 -0.126066804 1.82764482 -0.213235617 -1.58533919 0.413312197 1.34702468 -0.986711502 7.23753166 -2.27617693 -9.2423172 1.5749073 9.17721367
-2.5277462 3.07388234 2.68972135 1.82431388 -2.9498508 -0.296388149 -0.523359895 -1.34369922 0.456941128 0.983369589 0.240906 -1.95389676 6.40178871 3.59331608 -0.254914284 0.634992599 3.68061543 4.91297817
-0.747451067 -0.0793290138 -2.68857288 2.22484946 1.36716771 1.24562335 -0.628610849 -0.786825776 -1.85746467 1.35073519 1.09249854 0.965955973 4.5839386 -1.60900974 -0.248762131 6.28413963 -3.158885 -7.56027079
2.24247146 -2.28126621 -3.02918696 0.372738123 -2.66548896 -0.506580591 1.7186296 -1.04625571 -0.96937108 0.81593132 -1.0265913 0.572580576 0.649772644 4.84701157 -3.07112598 8.0765686 -9.99251652 1.40886402
-2.15045214 2.54422498 -0.215683222 0.191200018 -0.207486153 -2.99839115 1.46648431 0.0926530361 1.38158441 -0.125479937 -1.17345452 -1.22605729 -2.90688515 -0.391425133 8.94543457 -8.95510769 -7.76263142 -6.76426411
2.56480575 -3.05194688 0.615394354 -2.55892825 -2.32847142 1.37029481 -0.014591217 0.412008286 -0.273569703 -0.611995459 0.311309338 -0.025803566 0.089430809 0.731544495 1.20002174 2.38715744 0.488458633 -9.34592724
-1.10200191 1.28258348 0.491480112 1.90867639 -1.35273492 -2.4592545 -0.619556785 0.503038883 1.50519919 -1.46492231 1.25910997 1.36768961 8.54232979 0.504378319 -8.69652462 -4.3601923 0.641023636 5.84623241
0.227288961 -0.516890764 -0.700201273 -1.94191658 0.677371264 1.33671355 1.16680384 -0.319641232 0.256747961 -1.53250599 1.74041009 0.767685652 -7.70531178 -7.81032753 -9.07597256 1.95234203 7.49110794 3.84151936
-2.03340197 -0.615753889 -1.66926622 -1.07303476 0.860672235 -1.33945191 -0.517608523 0.826757669 1.06421018 -0.166260958 1.93259883 0.687746525 3.34807301 6.28726196 -0.516049385 9.44646645 9.99560738 6.99322701
0.748642683 -1.09435844 -2.35215449 -0.194042683 -0.0109064579 -0.84981823 1.03012586 -0.115576148 0.891831398 -1.4228406 0.67873764 -0.211211681 1.3629837 -5.14123726 5.11971474 2.29379272 4.257267 -0.148071289
0.199138403 -2.45208621 1.28968787 -3.07240105 -2.93344021 -2.19613528 -0.846024275 1.53326583 -1.43213093 -1.9279772 -0.904879451 0.961803198 -3.18381786 -6.78297329 -2.15621376 9.18039131 6.34693909 -3.30583477
2.68044782 -2.6290946 -1.2294594 -3.09234977 -2.73404908 -2.52193141 1.18516254 -1.04798841 0.972176552 0.0375277996 -0.223531961 -0.0995628834 -2.7157402 0.59180069 6.19020844 0.593065262 -4.47957993 6.78833771
-0.064904213 2.83181453 -2.18807554 -2.01447368 0.599357367 1.4048326 1.29365802 -1.08858371 -0.351961613 -0.927189946 1.5313797 -0.847229719 -2.62384367 4.75573635 -4.32884932 2.50556564 -2.54330206 9.77053452
-0.0346331596 2.91704726 -1.67999792 0.177220583 -0.820241928 1.95758367 -0.24457562 -0.217718601 1.90753293 -0.955316067 0.520202398 0.604827642 6.34395027 -3.88367414 8.45425224 6.31459045 3.34417152 -7.85731792
1.21695924 -2.83845663 -0.353057384 0.558830023 2.0320828 2.866956 -0.128984213 0.716748238 -1.68461502 -0.616143227 -0.273132801 0.929709196 -9.37473297 1.3317585 -4.0993557 6.08203888 -8.4370842 6.91815948
2.91860175 -2.51141882 2.43748593 -2.71716785 2.29383349 -2.28861237 -1.40209138 -0.765359163 0.177395105 -0.438228965 -1.98803115 0.213976145 8.36330795 -3.75381994 -9.24673843 7.95955276 -3.33518505 0.364260674
0.801989317 -0.222284794 -0.753599882 -3.07786989 0.649919987 1.9819901 1.62711024 0.400914192 -0.448395848 -1.43019021 1.89259982 0.601070166 6.984478 7.44088364 5.72790146 6.36327934 1.28358269 -6.69771767
-2.61609221 2.94543099 0.690139294 -2.0602107 0.468259573 2.92807508 1.92954087 -1.67375612 1.33993864 -0.861197352 -0.382553101 0.293212891 -7.48465919 9.25917435 -9.67583656 -5.24466085 -3.97019005 1.63031387
2.14475989 -2.54840064 -0.946695566 0.824025869 0.598341942 -1.86819816 0.617947817 -1.08288562 -1.98318386 1.03790903 1.26235294 -1.08572102 -6.29836226 -7.97608662 3.97914982 -1.05734062 -0.681833267 -7.69894695
-2.53933048 1.7342751 -0.567024469 -1.600752 -0.882338524 -1.81897604 -0.7395823 0.133288383 1.45662141 -0.295232177 1.02377534 -0.417143106 8.92802048 6.62499809 -0.61525631 -2.12243748 -7.80245924 -0.28835392
1.38186097 0.410755873 0.58228159 -1.32267141 -0.0653364658 2.94973588 1.78539014 0.61777544 -1.16149831 1.11234903 -1.19249451 0.223667622 0.969672203 6.04888153 -7.82747269 7.43894958 -3.09895563 8.72673225
0.801813602 -1.26678407 -2.77404618 -0.901035786 1.28603959 0.816314936 0.273253202 0.0237109661 1.65879846 1.99043679 -0.99068749 1.5006144 -4.26814175 -6.83293819 4.34937572 9.22763062 -9.16831017 -4.71580219
-0.952011585 -2.47633314 2.06372952 2.28765512 -2.00806761 2.69445634 -0.995132804 -0.211554885 -0.816434741 -1.97100306 1.94825411 0.116573095 -5.3818531 -0.412830353 2.77675152 -5.0285821 2.04909801 4.64092636
-0.890620708 -0.301075935 2.86715531 0.707928419 2.12024426 -0.346290112 1.77824974 0.846622467 -1.84604406 -1.98368251 1.21857238 -1.57930839 6.92899323 -3.43665171 0.648737907 -0.33782196 -0.0971679688 8.91308975
1.88099742 -1.56150937 -2.10847664 0.758034945 1.08143353 0.281096697 -1.96587765 0.682752848 0.84466958 1.42401075 1.87985969 0.0933036804 -1.81385803 0.71914196 -0.0269298553 -8.77290344 -2.68690777 -1.58457756
0.279439211 -1.67039347 -0.970883369 -1.13555765 2.59515738 2.87448478 -0.565572023 1.06658363 0.205680132 -1.44907415 1.60612512 1.31432271 -7.21700621 -8.68274498 0.00850582123 1.2622242 -8.16167355 7.25761414
2.00787282 -0.695638657 1.07434535 -1.35986054 -1.42997181 2.90152383 -0.0586668253 1.11383963 1.6880157 1.41832018 -0.263141274 -1.4633441 8.75920105 1.89964771 -4.32665825 -7.81041336 -7.09286022 4.90954018
-2.25426054 -1.05100369 -0.499682665 -2.30370998 -2.30411768 -0.0391192436 0.616620779 -1.8404665 -0.410425067 -0.0727044344 0.546648502 0.783906221 7.73792076 2.56516933 7.24842453 8.54614449 -7.6101675 -9.7371397
2.09519601 -1.13811874 -0.77970314 0.278162479 2.87012315 1.30613589 1.54925704 -0.364473701 -1.71493709 -0.182904482 -1.69807768 -0.247184277 5.43439484 2.77035141 7.51786423 0.118427277 4.92106533 -1.13525295
1.67332625 1.48750234 2.31099534 2.96207595 2.31514955 0.641419649 1.53066134 1.05908728 -0.850744009 1.92374396 0.0352315903 -1.02805185 -2.43521786 -4.68127346 -9.34836388 -7.73329496 3.42729187 6.13664627
-0.394273281 -2.52055001 0.0605390072 -0.407544136 2.47909093 3.03857398 -0.0801188946 0.623728752 -1.70009208 0.570621014 0.233741283 -1.20610642 5.89963341 0.896611214 9.19427109 2.17726612 5.05098534 6.98765564
2.18151307 -2.44585609 1.49436879 1.15239358 -0.585214138 -2.70530128 -1.98199451 -0.192009926 -1.39136207 -0.829593897 -0.154822826 1.41691446 -6.45571709 4.34704876 6.39032173 -0.526108742 7.59003067 -6.36513805
-2.24938059 0.758280039 2.37785459 1.0591495 1.24228644 1.51214242 1.57301188 1.14630747 0.834664583 0.178617239 -1.67722857 0.409845114 -2.40610075 9.34135628 -8.63332081 4.77048969 9.1757164 -1.46949768
2.41063094 -2.30146194 -0.865061045 -2.62248921 1.9269278 1.61005092 0.277070045 -0.267486572 0.0312108994 0.870072126 -0.237820506 -0.583420157 0.839632034 -2.0243082 -8.63114357 1.28888035 -0.441236496 -7.93358183
0.863706827 0.63555336 0.846101761 -3.03681064 0.575782776 -2.81128454 1.02532983 -1.78530252 -0.185856819 -0.639496803 0.642399788 -1.40819955 7.13494492 6.53231049 8.60567856 2.97434044 -3.69731474 -2.53171253
-3.01553059 1.41625142 0.738547325 0.80029726 0.0803868771 2.89347148 -0.0393975973 -1.12478566 -0.440964103 0.190315485 0.9793396 -0.190035343 -3.27805138 -3.79322958 0.715398788 -5.59315157 7.59828949 -1.46828842
1.60580134 -0.475492954 -0.616768837 1.28224826 0.415386438 1.56885886 -1.10743451 1.79382801 -0.0655283928 -0.403020382 -0.83777535 -0.308721662 -7.33106565 -5.73916626 2.80981636 -7.84710741 -3.13040209 -5.81899357
-1.70475948 -1.7637285 -0.33848834 0.567977428 -0.150236368 2.31390262 0.343592882 -0.886465907 1.39559627 -1.75911367 -1.18920982 1.35230756 4.10151672 -5.25553846 -3.38516283 2.42277336 0.421274185 -3.96903944
-1.24655712 2.97570014 1.08350015 1.95045686 -1.69959247 2.62291169 0.0862808228 -0.238817096 -0.37788713 -0.542222619 0.346393347 -1.3616035 -5.56049871 -9.3268013 4.07493973 9.60761261 1.36075211 -2.33772087
2.36293244 2.01441169 0.692933798 -0.837285042 -3.08671522 0.459082603 -0.72291863 1.96852493 -1.36279547 -0.753555298 0.297371864 -0.975905418 7.94304657 -1.18824863 -7.2180295 5.98960876 5.18568516 5.33030128
-1.03294635 -2.85747623 0.893363714 0.075663805 -2.2772603 0.902184248 1.17286825 0.512224436 1.03084922 0.674600363 1.03248668 0.675277948 -6.79861164 -4.48850584 7.85354424 -8.18228626 4.6171093 2.62066364
-0.46304822 -2.37368965 0.27658534 -2.44465423 -0.748678446 -2.39872122 -1.70112288 0.413687706 0.136535883 -0.133996367 1.59772015 0.383950233 -4.01206589 0.272567749 -2.33654547 7.24985886 4.32611465 -3.90609169
-2.35953999 1.19525743 2.1743958 -2.37314773 -2.44094706 -2.29498839 -0.667572498 0.701380014 0.768203735 1.28112602 1.85111713 -1.7183181 6.37874413 -1.12049198 -1.46084785 -6.07484913 4.369277 -9.61698914
-2.0390501 1.79029393 2.35052276 1.86466765 1.2094152 -0.9577775 -1.87433779 1.03896213 -1.31678689 -0.774742603 -1.68719649 -1.61878788 -6.01019049 -8.74587631 -3.74130964 2.64865971 6.95524979 7.92097473
-1.57435358 -2.1206193 -2.22387409 -1.32735157 0.891278982 0.0494232178 0.283950567 0.398112059 1.90167737 1.55628037 -1.04104447 1.22442365 8.36503983 5.94277859 2.99518681 -2.6850028 -1.38549328 -1.08987236
1.6252439 -1.48824191 2.2090652 1.99677062 -1.57163596 -0.79472518 -1.57718623 0.194140911 -1.35033894 1.74856353 -1.36416245 -1.37565875 4.88393307 -8.32264519 -1.60618019 -7.58988523 -5.27326775 -9.72514439
-2.0731349 -2.7408483 1.89047647 -1.07940078 -2.22212625 1.31753564 -1.28145623 1.37665439 1.74137163 0.887174129 1.82150435 0.536259413 -7.94705868 -9.62431812 -6.86302805 4.81354332 5.68643951 -2.31182194
1.91703105 1.56659532 -1.66779792 -3.05927968 2.52979207 -2.58757782 0.485286713 -1.09968185 1.43109608 0.427336454 -0.0226712227 -0.269122601 -8.97480965 8.37367821 -0.867925644 -5.07534218 -4.618783 3.37880039
2.84161019 -0.902344704 -1.07893586 2.776757 2.64323115 2.84612536 0.746225357 -0.560874224 -1.20526218 1.21389365 1.61484337 0.996689796 -6.59157324 5.31502533 -1.79382133 -3.20030117 5.78164196 -3.33568668
-2.27910805 1.76731038 -1.2634325 -2.71938586 2.10545135 2.94800639 0.362179041 -1.22818804 -1.95128584 0.899273396 1.00793147 -0.955008268 8.68629837 -1.65667439 0.681752205 8.85416985 8.4085865 4.82916832
0.54944706 0.901077509 0.663762093 0.142143488 1.47224545 0.643137455 1.02710915 -0.320365548 0.221974373 -0.895987511 0.552294254 0.157184839 -6.56210232 3.14390755 -4.21882248 -5.02555275 -5.95922565 6.6539402
-1.18369591 1.0816834 1.42459273 -0.833172083 2.32267594 1.95834088 1.1566267 0.776062965 -1.04693615 0.722232342 -0.977246046 1.99546862 5.83961105 -6.85017538 3.81944084 1.60990524 1.30672264 -5.19735384
-1.37013233 2.93708634 1.69075418 -2.82517505 3.12540603 1.83715272 -1.11855173 1.17036271 0.935983658 0.778978586 1.98072505 0.642100334 0.616602898 -7.35515499 2.42994213 -3.78303099 9.77171707 6.82220078
0.0196158886 -2.93128824 2.94806981 -2.01896238 2.1747334 0.323468208 -0.113855481 -0.0172381401 -1.16211843 0.447793245 0.245095253 1.49902558 -7.37679005 -3.70916748 5.20248795 -4.49259949 -2.17328358 -1.77365398
-0.178287745 0.178977251 -0.817395687 1.96917987 2.77529645 2.03666139 -1.46255732 1.12542653 0.42044425 -0.31908083 -1.30113769 -0.327431679 -9.47458935 2.09347916 -5.57109642 7.01258087 9.05774307 -6.31252193
1.39804769 -0.600656748 -2.98321676 -0.404089212 -0.010679245 -1.70433962 0.160221338 0.962401867 -0.998107791 0.836419582 0.728148937 -0.0742504597 -5.94491911 -9.89143848 -2.72990799 -6.69603872 -3.12558699 8.29237747
1.2544744 -2.84317255 2.33177257 2.21831393 1.57886195 -0.707290888 0.308640957 -0.699172139 0.0552794933 -1.55528188 0.381034374 1.90942717 -5.05070162 -3.14117384 -1.76559067 6.84073067 2.29720497 5.16083717
-2.608006 -0.233631372 1.72815776 1.96939874 -2.26784778 -0.954320431 1.20704579 1.82259989 1.89606404 -0.422422409 -1.39802742 0.867203712 -8.48339558 5.04281807 4.94114685 3.84220028 -9.44679165 -3.14244747
-2.32699871 2.17000604 -2.40478778 -2.09572768 -2.42919517 -3.11518764 -1.39452171 0.854474545 1.90352392 1.57330775 1.08967948 -1.6719296 9.22416306 -5.12013865 1.4891243 3.37684441 2.69073963 5.64125633
-1.27803576 -2.4387002 2.72401357 1.68199325 -0.769255161 -2.12171602 -1.30521631 0.702889681 1.81777573 -0.432055712 -1.04701304 1.90106082 3.15324879 -8.29373741 0.29711628 8.40478134 5.30810356 -3.36445904
2.74906611 -1.81491995 -2.47121 -2.61391258 -2.45681834 2.31246591 0.592494488 1.85594106 1.21099734 -1.45711923 0.0353653431 1.56171656 -0.828992844 -8.17837715 -2.35096407 -8.05230331 -5.59670115 -1.52235317
0.543966532 -2.24995494 -2.74891424 -1.9610852 -0.814929247 0.990365744 -0.0409902334 1.6763792 0.931294203 1.55643964 -0.0544373989 -1.74979854 -6.5362587 0.358926773 6.88015747 8.5061245 7.56174278 -9.81915474
-1.82637429 -0.54300499 -0.466174603 0.16134882 -2.45739412 0.347409487 -1.61023784 0.160783052 0.373613596 -1.22043753 0.0464036465 1.07381129 -6.22752142 -9.42776203 -9.65661621 -8.2815218 -0.402441025 -5.53861904
-1.89247537 -0.146968365 1.4308784 -0.526998043 1.66611171 -0.398619652 -1.78726375 -1.1105206 -1.07188272 -1.01483548 -0.724739552 -1.03938818 -7.16446972 1.3416853 8.48919868 0.102229118 8.04972458 -2.3971324
-0.687515974 -0.500411749 -1.9758426 1.73845601 2.93649936 -0.821115971 0.696151495 1.84565592 1.87310624 0.50227952 -1.33604372 0.980122328 -3.09650421 3.13139343 9.6485672 2.4743166 7.88760757 4.99801636
-0.293631792 -0.00648117065 1.90377116 -0.749408722 -0.669910431 -1.66550446 0.448912382 1.15757942 0.208451033 0.500464678 1.02128077 1.58832192 7.18885231 6.72545052 -3.05987406 -2.00513411 0.14862442 -7.94711304
-0.804463148 -0.300501585 0.0401427746 2.45813012 -0.573713779 -1.12659907 1.77589107 -1.76952446 1.39497614 -1.5916003 -1.52963221 -0.223634601 7.2209053 7.65903282 0.927848816 2.95293427 -1.14793682 -8.9093647
0.108588696 0.471761227 -2.401366 0.182440996 -2.8337903 2.49602628 0.959546328 -1.15405178 -0.749231339 1.91276646 1.60620189 -0.30284965 5.4250412 7.05268097 -6.93217373 -8.21336555 -2.79428577 4.79019356
1.15091634 -3.05328536 0.437493801 -1.99065089 -0.902291298 1.22073531 -1.34306264 0.0120897293 -1.05918145 0.447380781 1.18699145 1.58702517 -7.69941044 -8.32587337 -1.61229229 6.28431702 9.98963547 -8.15942764
-1.14717662 3.1002481 1.98684764 0.271592855 1.28773475 -0.072145462 -1.94642293 0.195744753 0.502742052 0.669832468 0.900519848 -1.71708322 -1.80658436 8.09163094 -5.17593861 -2.68578959 -5.08571911 1.91139126
-1.3328985 2.95802569 -2.01721811 -2.06731701 0.89273715 -0.260660172 0.861441135 0.85455966 -1.59998393 1.80224419 1.15910649 -1.17570484 6.82878113 -2.3036437 1.26271152 2.45140076 -6.52183056 9.56920052
-2.07303166 -1.01757169 1.45005298 2.58420396 -1.92027235 2.30027032 -1.9964695 0.460144281 1.31866574 -1.46305442 0.950197935 1.74738359 2.73830509 7.38674736 -9.52575779 1.17801476 7.68021011 -7.27661896
0.0437877178 0.242364407 1.07464433 -2.31588125 -3.12196064 -1.97246754 0.83349824 0.612978935 0.87976408 -1.29554152 1.50079036 1.50115347 -6.37769604 -8.12229443 9.43355751 -9.04765129 4.34619904 -8.90828133
-1.29303896 -2.73826504 0.373010159 1.40378499 1.96569133 1.44823003 1.77109623 1.71024132 0.920746326 -0.940360188 -1.76861823 -1.10818779 -5.96046257 7.88665771 -1.6547575 -0.8559618 2.70397758 -7.07459068
-0.205406904 2.88475871 1.71669888 2.20651364 1.99631619 2.20717502 1.61506152 1.83584261 -0.0269881487 -0.49819243 1.06181431 0.679241657 -9.12504101 7.04513168 3.52332592 1.71411133 -6.60004425 4.86719608
1.36339307 -2.04848838 -2.38622403 2.91259646 1.60843539 -1.58938634 1.56222749 -1.11739182 -1.18314099 0.326305866 1.04986048 -0.643014908 -0.626526833 -1.38540745 7.71013641 8.7792244 -6.47652292 -7.00852871
2.51610351 -1.03446031 -0.800724506 2.79542708 2.81867766 1.05850863 -1.46648836 -0.991378784 -0.778716683 0.143913746 1.29240823 -1.6919812 8.48341942 5.47187901 8.24738312 5.67775917 8.93009949 7.14698219
2.09963584 -1.48564601 -1.49562514 3.13274884 1.80056739 -1.34843469 -0.734990716 1.86661386 0.635278702 -0.8266083 -0.619048834 -1.77426767 1.03622246 5.77780819 -0.606631279 -3.21395302 2.03477859 -9.92334747
-2.21566463 0.623770952 0.974616766 -1.01963234 -0.0431075096 -2.03192449 0.851224661 0.374577284 -0.863042474 -1.73656702 1.32687664 1.06930113 8.27776337 4.80221844 7.05860329 1.23434067 -8.20527458 -0.543650627
0.125484467 -2.78799343 -0.837094545 -2.41170669 -1.89773214 1.64571404 -1.06225634 -0.368630052 -1.38875675 -0.40786159 -0.200557232 -0.648010135 2.84473896 -9.1808672 4.79347229 -5.89429283 -1.00740623 7.19600105
0.626891375 -0.287095308 0.985400438 1.95406222 1.5469892 0.989701986 -1.61107016 -0.4044137 1.98379707 -0.662275195 0.569364071 -1.63548863 -0.820284843 -5.79094696 7.72036552 6.45124626 -0.678946495 1.30290031
1.64436507 2.67361093 -1.80218613 1.80470443 1.12445188 -2.7425108 -0.177423716 0.287205935 -0.0975530148 0.0227153301 -1.92177391 -0.589602947 -4.07757378 -0.0107002258 -9.12361336 9.25193214 -4.44065475 -1.7534008
1.31512475 1.09048581 -2.37332368 0.36252737 1.89195037 -0.63409853 -1.63334262 0.225313425 1.09284663 0.495893955 -1.07503128 1.86049557 0.250930786 -7.89731407 8.01396942 -2.51938391 -9.96041107 -4.04614067
-1.12618732 -2.04711723 -3.0305934 -1.09374547 -2.53171492 -0.76424408 -0.838806272 -1.339921 1.03028512 -1.42161798 -1.18363762 0.358986378 -8.27959919 8.0032692 -6.98080063 -9.2211647 0.103487015 0.83559227
2.79509091 -1.392555 3.13291764 -1.16856968 0.664907932 2.41306758 1.44772577 1.1265378 0.159752846 0.912102222 -0.959041238 1.6265049 0.544483185 -2.31996536 -8.70012093 0.220741272 -7.51889992 -3.31386805
0.786051273 1.01639915 1.88164449 0.891149759 1.46162105 -0.143793106 -0.240724325 1.18048882 -0.571834803 -1.97792435 0.910340071 -1.32651329 -0.441558838 -8.87032318 9.19622803 -0.25637722 -9.89024448 -5.51321316
1.45902848 2.38571095 -2.16847658 -1.37660515 -2.34315896 1.06353545 -1.09647536 0.919179678 1.83301234 -0.790193915 1.09416056 1.56547928 6.37738228 -3.27236748 -3.21782637 -2.4005847 6.57863235 -7.08778095
-1.94791162 1.07377028 -2.09557295 -1.78293729 1.58584666 2.92241979 -1.00385058 -1.56702113 0.700025558 -0.185254335 -1.74880505 1.3016386 4.96695518 9.70547104 1.37451363 -7.06768417 -3.56840086 1.69838524
2.19780374 -1.98568797 -2.56501579 1.31025386 -2.95059276 1.96550345 1.8465538 1.99375272 1.2101512 -0.277457237 -0.701061845 0.0561480522 -8.99162006 9.12389374 1.35341072 -1.92671013 4.8282814 1.48583221
2.43724179 -1.09346175 -2.04146194 -1.86714077 0.586974144 -0.482234001 -1.37161303 0.814016104 -1.61640811 1.19837546 0.679247618 -0.452780485 8.12696457 -0.130292892 4.16507912 -0.599898338 9.44322205 -5.93301725
-2.38345623 2.31429458 0.563307762 0.864016294 0.443478823 0.766191244 0.54310298 1.31231642 0.228152275 0.342000484 1.8245914 -1.65173721 -2.48442411 9.49303246 -7.25640965 8.61361313 9.11893082 -2.94405413
-2.62117624 -1.91624784 2.50123811 -0.913257122 0.609237671 1.53704524 -0.659371138 1.25010633 -0.79268384 0.739903927 0.233766794 1.86763453 -9.59342861 2.90032482 -2.56414127 -7.87442684 3.94799805 -3.83517742
0.44895339 0.983085394 0.933644533 0.468789101 2.54782939 -0.850426674 -0.806794882 0.403324127 -1.15628052 -1.87610841 1.195117 1.93183184 -8.2801609 3.1547699 6.24934196 -8.60987282 -0.989587784 2.17257977
1.79669881 1.25314927 2.14337134 -0.511752367 0.310296774 -1.20115864 -0.128678083 -0.221320748 1.38703942 1.53275037 -1.00294316 1.9872148 0.0765190125 -4.21565294 0.572849274 7.33472061 -7.00665474 -5.66099548
-0.725003958 2.19115281 1.10702729 2.94967389 2.54996371 2.25853181 -0.343208194 -1.66178739 1.13597155 1.71277785 -0.0888268948 0.162320137 -6.37086487 -4.77557373 4.63423634 -3.89283466 -9.55994987 -2.8592329
3.13089585 -0.172100782 -0.176677704 2.75958991 1.81520534 3.0123632 0.997094393 -0.839105844 0.178678274 -0.735177517 1.81038833 -0.676137447 4.46393013 -2.75995684 6.00341606 3.54815292 -1.40351868 7.66798401
-2.85954952 1.29108453 -2.53487778 1.20467305 2.7444694 -0.259722948 -1.18627119 -0.105721354 0.199721575 0.174545765 0.0647444725 0.0476212502 2.15955734 6.41612053 4.81697655 -8.89261818 -4.77029419 -4.98568249
1.61884522 2.54943967 0.933646441 1.89030051 0.670744419 -2.58313084 -1.17567015 -0.155325532 -0.763411283 -0.848023057 -0.835985661 -0.704566121 -8.22299862 2.71377087 0.867042542 -5.4344039 6.13071823 -9.34593391
-0.401524067 0.842091084 0.558362007 1.93985581 -0.0925142765 0.59224987 -0.142218113 0.0503025055 -1.09342992 1.71753073 1.51401901 -1.84433341 1.17190933 5.72105217 -4.30345726 5.84076118 -9.94976902 6.47032166
-0.160283089 0.443220854 0.9522264 1.13336635 1.83258224 2.83546281 -0.98828423 -0.513690114 1.62009978 -0.254161954 -1.01639998 0.407327175 1.12390327 4.32638931 -5.72477484 2.61449432 2.64658737 -7.19817162
1.24454522 2.7244494 1.81938052 0.419551134 -0.995956898 -2.99868202 -1.38669109 -0.912114739 -0.55216229 1.39627242 -0.730764151 -0.443486214 -1.96560287 -8.7290554 2.23415756 -3.89627409 -4.28218937 7.83575249
0.408029079 -2.18657804 0.49656415 2.32673001 0.156368256 0.419642687 0.369734287 -0.816226006 -0.436582208 -1.83244085 -1.58513784 0.895511866 -5.71784115 -4.39426613 -0.183901787 -5.44916582 9.0802784 7.28949547
2.35293698 2.8778522 0.423003435 -0.605095148 3.03151202 1.02732587 -0.438152432 -0.730485559 -0.0319626331 0.614577055 0.676421404 0.939112902 1.16406536 -9.49354172 9.65446854 3.25798988 -1.83303261 -1.48980522
2.80743432 1.3365171 0.156466722 1.29463696 2.02852273 2.49597383 -1.01433253 -0.312211156 1.38013005 1.066679 -1.52677798 0.236581802 -3.89767838 4.71966839 -9.56491756 -8.17586136 1.57591724 -6.91321564
-2.02108383 -2.20437264 1.01875234 -2.00895739 -0.790853262 -1.2673434 1.40854645 -0.874363661 -0.0333712101 1.93966651 0.995829821 -0.500234246 1.27943134 -2.04098797 5.73506355 -5.19512844 -4.96891499 9.41231155
-2.22024941 2.80914187 -2.62560821 -1.58545423 -0.292701244 2.87384963 -1.0690124 0.451481342 1.5816679 1.33972883 -1.27963006 -1.96855974 -1.14495182 2.1450386 -8.15895367 -5.1002264 -9.03809834 -2.61290026
-1.98507094 2.65698409 1.28888297 2.86507869 -2.56706381 -1.6384294 1.40992379 0.810131788 -1.65238142 1.23769045 0.334635258 0.479904413 8.23608971 8.74443054 9.92393494 0.773335457 -1.18052387 -3.70436907
-0.0925972462 -2.95344043 -0.643187046 0.00208640099 0.687877417 1.89554906 -1.83620608 -1.59282672 0.573574305 1.447299 -0.0226904154 -1.50039971 5.91532803 3.4753418 -3.44378042 6.86944199 0.597244263 7.79795074
1.75592923 0.606020451 2.51889157 -2.99807549 2.66498446 -2.43918753 -0.0411721468 0.628814697 -1.40760207 0.455659151 -1.06301165 1.57733226 8.25806808 -7.26299953 -0.213011742 7.88806725 5.34078121 -6.24590349
-0.629823208 2.71675897 0.347473145 1.56068826 -1.99743342 -0.454995155 0.985459089 1.10043335 1.24877429 0.547281027 -1.47336364 -1.33528948 -0.787638664 7.90788651 -8.84604073 -8.3837347 4.38147545 -2.43152571
-1.09533572 -0.904140949 -0.0409803391 1.96806645 -1.80773628 -0.00501084328 1.60926104 -1.26990044 -0.921638727 0.304642677 1.40070391 0.588978052 4.5165081 3.02504349 -4.10272217 8.67118263 -9.9119339 6.09316254
2.06299615 0.723829985 0.248765945 2.63073182 -1.83964372 1.90390229 0.537917852 0.233524561 -0.177714586 -0.255421877 0.273877144 -0.180254221 2.70838165 8.74510574 7.9642601 2.27984333 -1.73060799 -9.24002266
-0.267118454 -2.30450344 0.389544964 -0.920768023 2.31468892 2.57705045 0.446589947 -1.21100962 -0.150321603 0.186184168 -0.28060782 -0.482183218 3.30628586 -0.267491341 0.122844696 5.24511528 2.1328783 -7.31265974
1.71123815 2.42868733 -1.59750378 1.70929503 0.710978508 1.84187245 -1.75980246 -0.919200063 1.4478662 1.4200933 1.18273878 -0.34616518 1.78292847 -4.67102242 5.3791132 -7.40466785 -3.85805845 -8.76011848
-0.480009079 -1.3580811 -1.2214371 -0.164365768 -2.86883044 0.413160563 0.770272017 1.15427852 -1.47153234 0.539659977 1.36615586 0.0498640537 0.353157043 -2.70337534 -7.53623056 -5.26939678 -1.94300365 4.10199165
-2.62182331 -2.64026713 -0.613801956 2.47660756 -2.26603508 -3.041008 -0.625079274 1.83115363 1.56342983 -0.983306766 -0.0154948235 0.66695857 1.67835999 -9.44549561 -6.56887722 -1.04899216 2.07471371 5.29239655
1.68762946 -0.515514135 1.31885743 -1.55995965 3.02906489 -2.96469808 0.853348732 1.3569622 0.342826843 1.88080502 1.61548424 -0.502977133 9.81615067 -7.12586594 -3.62591314 5.12395763 3.69467163 4.93024731
0.287680626 2.80573535 1.27157569 -2.78704262 -1.66171575 -0.501937389 -1.16716123 -1.88034558 -1.14329076 -1.16873705 -1.45987654 0.387847185 -9.38112164 -3.11797714 9.10053444 4.83186913 4.00948048 8.4870472
1.99909806 -1.29834759 2.23416257 1.26003861 -2.01822758 1.49325013 -0.160402298 1.29096484 -1.70530331 1.04510283 1.24134207 0.805561543 -3.23504162 4.00823784 7.42625237 -1.15313911 -6.6039176 -6.40717077
-2.63033581 -2.00159669 -0.321769953 1.95788026 2.09392047 2.98758483 -0.919885516 -1.50546527 0.239233255 0.0656898022 0.627202511 0.244642973 -5.23528624 -6.17995739 -9.42390251 -9.37201309 -3.98400021 -6.09288549
1.19090486 0.810518503 -2.93552971 -1.20121241 -0.391672611 2.94575095 1.10356569 -0.470561981 0.938544035 -0.729889274 1.56450987 -1.64758039 0.806287766 7.96195793 3.82502937 8.6607914 -4.97227859 4.71489143
-0.0906124115 0.285833597 -1.77964938 0.727628231 -2.43602943 -2.68957567 -0.522063494 -0.829293251 1.2015233 0.573137283 -1.601969 0.812773466 -0.936721802 5.15743828 1.78538513 9.37229919 -9.80521393 0.488103867
2.08164334 0.654096365 1.21867061 -0.522409678 -1.26704514 2.09418511 -0.0520853996 0.0571169853 -0.775792122 -1.48008049 0.185856819 -1.95537841 -4.04489422 -1.84849548 4.10596085 -3.50480366 -0.169509888 -9.77877903
0.0842962265 2.60046124 2.43268609 2.79379153 2.29688096 -1.35922539 -0.0737906694 1.67811108 -0.560037374 0.0362930298 -0.0518382788 -1.84868062 3.74455357 -9.30757141 5.17360783 -8.03445625 6.13576508 -8.2995739
3.04636025 -0.34087801 -0.164876938 0.377207279 0.254818678 0.35385108 -0.623547673 0.946593523 1.73228168 0.377619743 -1.2744453 -1.4810431 4.38160896 3.96273041 -3.3117013 7.15101051 -2.99010992 -1.50627804
2.82203221 3.04296088 -0.510313272 -1.32276225 2.44868398 -0.799482584 0.76075983 0.151106596 -0.968208909 -1.97389615 0.454814672 1.44753861 4.73048592 8.70890045 -9.22384548 9.28996086 -6.21782064 -3.25745153
-2.6390748 1.09863257 0.843921185 -1.51233578 -2.73154569 -1.47377813 -1.05017424 -0.224901915 0.798919201 -1.82750654 -0.646309495 1.72427678 -5.23146105 -4.81588888 6.82117081 -2.94548225 -5.49890947 7.39079285
-2.7197814 0.037088871 1.34008956 0.633304596 -2.20991421 -1.53696585 -1.79245424 -1.23546958 0.927805662 0.670958996 -1.14832675 0.0547573566 4.45560551 -6.54768562 -8.22334194 -8.11742306 -9.49176121 -8.14968681
-0.597002983 2.74375224 -1.47444093 -1.15766191 -0.210366011 2.22819686 0.0755376816 -0.54639864 1.86098242 1.53532553 -0.156835675 -0.506766796 -6.98642159 1.04667091 -7.99148941 -2.50980139 6.1922493 2.5149231
-2.6785872 -2.44233751 0.0951647758 1.87111831 1.81840253 -1.23277605 -1.28481698 1.17822957 -1.98894846 0.0179233551 1.44901466 -1.16744542 -8.17030334 1.05073452 -0.877757072 4.29606628 -7.53853512 1.152174
3.00922799 1.42160583 -0.60832572 -2.41939545 -2.48020196 -3.02095509 -0.256739736 -0.214688301 0.449833632 0.182843447 0.0599327087 -0.72954905 2.52998447 3.88975525 1.95614624 -1.24981308 -6.913445 -4.99994993
1.67407155 2.87627149 2.94019771 -1.93740225 -0.599317551 -2.2267487 1.34669161 1.27337408 1.95808101 -1.52361059 0.0999472141 1.89460611 4.94295311 2.6659441 8.17341042 7.28264809 -1.22793961 0.243630409
-1.78978622 2.26792455 0.774259567 -1.4258728 0.533488989 -1.51334584 0.405019522 -0.476486564 1.73466659 -1.10136974 1.75844932 -1.61404872 8.50544548 -3.75348806 3.69627571 0.271224022 8.72263718 -9.72280312
1.34854102 -1.2592696 2.39544034 -0.214529037 -0.345112801 1.16624522 1.23659587 -0.748791218 1.20194316 1.70028114 -1.2187618 -1.7344985 0.122256279 -7.65765953 7.54538536 -0.711155891 -6.15146208 -3.35075855
-2.17115688 -2.14372778 0.40906024 -1.69330537 0.850117445 0.724567652 -1.2131716 -1.3470037 0.531042576 0.573245525 0.599741936 -1.26846194 7.11293793 3.48084354 6.25838852 5.32706356 9.70464706 -3.57518768
2.33528256 -3.09853363 -1.24918175 0.144478559 -2.8439362 0.012509346 1.00664186 -0.483123541 0.93736124 -0.166262388 -0.539672256 1.63583541 2.02704811 8.33446312 -8.20430183 -0.933447838 9.80918503 9.29883194
0.969912291 -0.176521063 -2.86124611 -0.909428596 -0.987255335 2.25391078 1.91461301 -1.78289175 0.423623323 -1.49441051 -1.08762741 -1.12103629 -4.02568245 4.49810123 -9.56410027 1.51469612 7.19282532 2.48298264
0.621996164 2.40689588 0.376582623 0.231449366 2.41268325 -2.28700018 0.650286913 -0.927817225 -0.474922299 -1.87285888 0.228675842 -0.196056366 5.22319221 -0.882980347 -4.20549965 -8.78752422 -0.498098373 -5.3368268
0.807056665 1.97285724 -0.278348446 -1.35051167 -0.9377563 0.930216551 -0.772518158 0.65157485 0.679833174 -1.64197946 -0.694757462 1.27364635 8.3856163 -5.07290268 -8.65352631 -6.65513182 -9.68638897 -0.0519294739
-0.507326365 -0.589555979 -0.851702929 2.6402204 1.20306849 -2.06222653 -1.26707101 1.4896965 1.63476872 -1.58466828 1.80255127 0.877912283 3.93140697 8.93444252 -6.04024649 5.20779037 0.606565475 -8.99540043
-0.0822920799 -2.32653689 0.51128149 -2.5459516 -2.57223153 -2.86023903 -1.33288801 1.94808936 -1.1997782 0.887050867 -1.37911654 -0.593036294 2.51227951 -7.46810818 0.917691231 -1.48482037 3.67685318 -2.65372276
2.63677907 2.01546502 0.946377516 1.71834207 0.720053434 -2.22033548 0.0241701603 -1.59223938 1.60478163 0.780226231 -1.84828877 1.61331153 -0.884514809 -9.76825809 -5.18271351 -5.88605928 -5.52807522 7.21655083
0.429756165 -1.73882604 -1.56363893 1.12859511 0.714435816 0.532459021 -0.139829397 -1.54639649 -0.149119616 0.0548408031 -1.36670947 -1.63111782 -0.440398216 5.62286377 3.26473999 8.52004623 -0.594750404 2.81030273
2.52030778 0.0324807167 -1.8518312 -2.47645831 1.46578574 1.3000505 0.137101412 1.9029696 -0.122953892 1.06304073 1.6829381 0.245680332 -4.73175478 -3.81694555 3.09077168 -1.53142166 -9.31313896 0.683269501
-0.979407787 -1.43415022 -1.30848765 0.780383587 -1.48962498 -2.25827241 1.09000182 1.36169314 1.77459812 1.65667176 0.258947372 0.470672131 9.30916405 6.44234276 -0.250902176 -8.51024532 7.32668686 -4.54556227
-2.11162281 0.574000597 -2.04948545 -1.12624741 2.34758544 0.62256074 0.232644558 0.323045254 0.870238781 0.91580987 -0.0799257755 -0.444927454 -2.48569536 6.88184547 3.80289841 -6.32166004 0.726870537 0.0513877869
-0.96689105 2.18988585 2.83620572 3.04608607 0.384883881 1.85111356 -1.68970847 -1.65969002 -1.08081102 1.76441121 0.334902763 -0.356095791 1.31295681 -1.18092632 7.19575691 2.03785801 -1.08909416 -4.26042175
-1.94811165 -2.43143368 -2.50571346 1.28803325 1.00884938 0.0790162086 -1.74040949 1.57893968 -0.830695271 -1.13641322 -0.757987499 0.19051218 2.15497112 -2.10471582 9.41412544 -3.40184164 4.82693195 -7.701581
-2.76457572 -0.0706954002 -2.51590586 1.73778272 -2.54470778 -0.319030285 0.0518317223 1.7921598 -1.47318578 0.856399536 1.23775411 -1.70855391 2.30987549 8.09718132 -1.14205647 -7.97739506 1.71313858 -3.56281042
-0.577805281 0.324884176 1.59870124 2.7272017 -1.98921657 2.38394523 -1.53722453 -1.63660264 -0.460565805 0.358199358 0.456978798 0.596855879 2.94826317 -6.96362495 -7.33264208 3.90538979 1.41204071 8.2882061
1.64549136 -1.467219 1.17339683 -0.030901432 -1.61864924 -1.52016056 -1.74035072 -1.40819252 0.703398228 0.758806467 -0.000719308853 0.666767359 5.18219185 -7.86410046 -5.58633327 -7.25695992 -2.06311178 4.42746925
-0.26214385 -1.47086179 -1.67541337 1.81693244 -1.39896882 -1.50271416 0.820640802 -1.3818481 -1.59903979 0.252061844 -1.62425327 1.12032723 -2.38020515 -8.83597755 -7.0228672 4.28239441 9.29649162 -6.97471333
-0.876321554 2.4074409 -1.61493862 -2.37230778 -0.961328268 -2.76395893 1.01717281 1.57565069 -0.52500844 -0.94932878 -1.39469671 1.91222286 -5.05576324 0.930243492 9.35317612 -5.77029562 -6.45270634 -6.96766472
1.05492234 -0.748454571 -2.41192484 2.70243478 1.40539718 1.84480453 -1.06554365 0.143237591 -1.4622581 1.27024388 1.02924895 -1.28318381 9.51296043 9.37550354 8.87400055 6.85279655 -2.54640102 7.77612877
1.05754495 2.33467412 -2.50916982 2.10401654 -1.79376209 2.12224078 -1.15006089 1.66453314 0.9068501 -0.157991171 -1.60791254 1.28422761 2.5193615 1.95955086 1.88824844 -8.83520699 -9.31548405 4.11245918
-0.787791014 1.13978505 -0.675621271 2.2926476 0.332531452 -2.11191273 0.627986431 -1.42217851 1.33975554 1.2111485 0.699653864 -1.67473567 8.94625854 5.69050407 -7.43332958 -1.42251396 -0.332345963 4.29158211
1.79221749 -1.54721177 -1.17757237 0.317070007 2.762151 2.80767941 1.8471601 -0.33017385 0.0674698353 0.792199135 -0.892036438 1.31988835 -3.12338734 3.55689526 8.94797897 -8.38887405 -3.2680254 -3.58015347
0.723389626 -1.97492599 0.933609247 -2.63281798 1.91247058 0.607279301 -0.226834893 -0.424538374 -0.699933052 0.113169909 -0.315244675 -1.33979058 5.1939764 -3.04156733 4.8612299 6.23974991 -3.70893764 -9.17774487
0.763929605 2.78341889 2.93122268 3.12829614 1.01226068 -1.25823021 -1.79387987 -1.82131088 1.95922303 -1.35210848 1.50981998 -1.16203916 4.90343952 1.13834572 5.38208961 5.41357994 2.58280277 8.03637505
-2.04695034 2.5217073 0.553833723 -0.528237343 1.05147386 1.64596725 1.35214329 -0.0964230299 1.71622515 0.329553366 -1.94829047 -0.943383932 -1.61828423 6.57091904 7.93777275 0.876856804 0.227338791 7.23303032
-1.79067969 -2.27057505 -2.42611623 -1.33442068 -1.22914159 2.17537713 -1.28432143 -0.404172778 -1.51293659 1.63570023 0.878091335 -1.6085211 0.955430031 -9.59911728 1.00104904 -5.70793438 -5.23580551 -6.1031971
-2.05440736 -1.69999969 0.574171782 1.28893018 -2.53245068 1.4010613 -0.0711661577 -1.48167682 0.653296471 1.04926014 0.931966782 0.735270023 -3.44073868 -1.98540688 2.83898163 -0.170314789 -9.84328651 4.40807343
1.58554006 -2.32755756 -1.01609373 -0.340867758 2.71806359 2.06547618 -1.12659562 0.369466066 1.57429552 0.219376564 1.78457069 -1.10186315 -7.30582142 -4.83964205 8.9870472 -4.09450483 -7.87624693 1.43076134
0.267848253 0.203577518 -1.97212565 2.06140065 0.200644493 -2.41578603 -0.0932114124 1.94989729 0.965906143 -0.262441039 1.97620034 0.151421547 0.192822456 1.97598362 4.3039856 -3.9074564 3.1861496 9.82304573
1.13674617 -0.475580215 -0.927914143 -0.482582569 2.86535716 -2.39118052 -0.759797215 0.881062984 -0.712049842 0.453369617 -1.81688964 -1.93702054 -7.29647398 4.63642025 -8.80363846 -1.51206684 -2.00130463 -5.00867796
-0.637519836 -1.55589437 2.98255277 2.92374253 2.51172185 -1.87933147 1.06761169 -1.69046867 0.367690325 0.0681498051 1.15254903 -1.16513646 1.42493153 7.95594215 2.66261101 -1.57840633 -2.79509926 -8.01251602
-0.99843359 1.60592198 0.355425119 1.8960259 2.9069469 -1.48073852 1.45407104 -0.382446289 0.0126180649 -1.74397945 0.368630409 -0.821343541 -9.69898415 6.20088005 -9.82093906 -6.73072243 -8.06910229 -6.79840088
0.231071949 0.386715651 -1.39898503 2.45196271 -1.98098528 1.81782413 0.72768712 1.747648 -1.44186723 1.27055669 1.08159161 -1.74024343 8.67163277 8.27173996 9.86177444 4.59013176 -4.04460049 5.11274242
-0.700114489 0.462563038 1.03440738 2.7694056 2.0431931 -1.44615233 -0.296572804 -1.28446865 0.812898636 -1.71058416 -1.87517607 -1.90237331 6.84870911 -0.832591057 -7.63375521 1.11923313 1.83949089 -9.62490654
-1.87221003 -0.187838078 0.122770071 -2.84613228 2.90799737 -0.059435606 1.0442481 1.42469692 -1.01824641 0.225403786 1.39279485 -0.846269131 8.56471252 -8.25328636 -1.83480835 3.68632507 -9.62044621 -6.54128265
-1.60948467 -1.79012573 2.95529771 -2.86024857 -0.29971385 3.02010655 -1.6160233 1.07400942 1.32910204 -0.436862826 0.358466387 1.5998981 -5.26609802 7.19337273 7.2464962 1.52882195 -1.8151226 -0.924476624
-0.377413511 0.295128107 2.68354344 -2.72022367 0.326887369 2.9770782 0.665649414 1.67059183 1.80137897 -1.07853794 -0.360284567 0.756404877 -9.7787056 -7.31637096 3.34162235 5.30969524 5.54056168 6.0241909
1.74115205 1.15159488 3.12702346 -1.86970818 2.22764707 0.277751207 -1.20004368 -1.67319405 -0.438869596 -1.96191883 -1.3517766 -1.40489197 9.70354843 -5.57944489 -3.64916277 1.01122475 3.22042847 -4.83733559
-1.88993943 -0.434562683 -2.86438179 -0.317550659 2.55353665 -0.227301121 0.967618704 -0.246497154 -1.65594494 -0.256579161 0.848973274 1.25539613 -9.41344643 6.78397179 -8.13933182 -1.44597912 2.91092396 4.72827053
-2.24428272 1.50257897 0.0860939026 -2.89185023 -0.477893829 1.76100707 -1.44443607 -0.120979428 1.0014112 0.627881765 -1.91267121 -0.428758979 -5.97851324 -4.76346064 -7.27616262 6.15463066 -2.96984911 -4.66006565
2.94293666 2.20512509 -1.77672052 -2.19860792 -0.66387701 0.567590952 -1.57499695 -0.92861855 0.09547019 -1.3673203 0.515193224 -0.870513916 4.06766129 -7.44417334 8.79150009 -7.00392723 -7.69656944 -1.2576685
2.91758227 0.222188711 -2.43314195 1.02899051 2.56657481 0.363550425 1.3750577 -1.15894532 -1.97385645 1.23007059 -1.39044452 0.191203117 0.196375847 -5.75125074 1.09169197 5.74657536 7.4992218 3.59034157
-1.10806847 -1.69590414 2.69747996 1.03895688 -0.734157085 0.277271509 -0.932451844 1.29388165 -0.680610776 -1.26292408 -0.256263137 -0.553241014 2.51430416 1.26669884 9.36806107 -0.570842743 9.77262306 -2.8228941
3.04839206 1.11102891 2.04935288 -0.0830895901 -0.189889431 -0.264572382 -0.214588761 0.065448761 1.29965901 -0.376695633 0.775432348 0.439736843 -9.36028099 5.86060143 -1.54485416 -8.62137985 -7.99089146 7.15454292
2.85821843 2.9256556 1.77577519 0.407019377 0.86912179 -1.48108399 -1.73145556 1.42248702 1.61262155 1.02041292 -0.235143065 -1.53369832 -9.66900063 8.67992401 -2.90477657 9.55076599 -0.189155579 -9.49585438
2.48406529 2.71687484 -1.26369703 0.0800688267 0.35938549 -1.73060071 -1.76525962 -1.19710469 -1.92739069 -0.464005709 1.82151198 -0.327450395 1.98863029 -6.78212357 -9.91483116 -5.96630669 9.64016724 -7.80015373
-0.00454044342 -1.71683145 -0.397685766 -1.92037106 -1.80345213 0.612662792 -0.265766382 0.620251179 -0.824622869 0.904877663 1.04241252 -1.07418752 5.59697056 -6.13424015 -5.44453716 3.35704994 -4.30729151 8.66187286
-2.90019059 -0.323429108 1.32568622 -2.44708824 0.0649185181 -0.378909826 0.81186986 0.77862072 -0.25883007 -1.2303741 -1.18206787 0.785144567 0.145751953 -2.59485817 -1.25427723 -1.12212944 -4.22518921 6.39898682
1.2522881 -2.83374143 0.698154211 3.00713754 -2.72967458 0.762480974 0.990168571 1.60676575 -0.23360157 1.12802339 -0.877527595 0.0429677963 6.37029457 1.62700081 -0.72819519 -5.48918819 -9.8670454 6.30296326
2.94309449 1.34354568 3.13060069 -3.09170055 -0.795105219 2.39546084 0.719986439 1.78087282 0.0892801285 -0.0741944313 1.35614848 1.73840213 -9.72959709 0.635702133 7.01562691 -7.36265278 -4.84534693 9.52344704
0.887614012 -1.47671926 -2.50050521 -1.17121327 0.535026073 -2.21113825 0.513674259 1.32611465 -0.0355044603 1.11821556 1.17094779 -1.65406549 2.06383705 2.52313137 1.15340042 -9.59137058 5.44881058 6.10538101
1.98576427 0.596700907 -0.179481983 -1.24197042 0.155465841 -0.91955924 -0.865226746 -0.252601147 -1.82196236 -1.81635725 -0.385157943 -1.02570224 4.20906258 -5.37979507 -6.27929974 -2.19778252 8.05647087 7.33623123
-0.823089361 -1.70538986 -1.15191734 -1.30451834 1.37085938 -0.751212358 -0.440162659 1.21849346 1.26689053 -1.68984616 -0.885442376 0.76582408 6.11190796 3.39230347 -8.70419788 -1.68874741 1.36516953 3.93137741
-0.683757782 2.24024081 0.296264648 1.26109052 -0.520491838 2.68706536 1.32111526 0.7447927 -0.389135957 1.99704885 0.949359894 1.06438279 -4.07512426 -0.876858711 -6.25915909 -3.95720768 2.41051674 -6.92011929
0.75861454 2.75007749 1.81681371 -2.95186591 -2.82739186 -3.03547668 -1.10374093 -0.710612297 -1.63632011 0.445703506 1.92713666 0.0412306786 4.86440849 7.82952118 -1.47278976 7.14741135 0.919276237 4.1658535
0.91704917 1.03558135 0.67387557 -2.55046201 2.29513621 0.7039361 -1.22186327 1.81606483 -1.68209314 0.0300946236 -1.41432047 0.957022905 -7.26291227 -8.9662323 -6.75738192 9.57155609 -5.46990776 -0.494534492
-2.23352909 1.02132773 1.81206203 -0.421413183 0.554609299 -2.15201712 -1.83568597 -0.318457842 1.08693361 -0.0105696917 1.1970973 0.817224264 -7.92218876 -9.41837025 2.01651001 -1.60926437 -2.46524525 9.57082367
1.05893683 -3.02375603 2.62316871 -1.80585539 -1.93690443 1.21869445 -0.103446364 -1.83932185 -1.05242872 1.61384082 0.36062336 0.166375399 -8.60421371 -8.04213047 9.44846344 -2.39524174 1.26745415 1.80630112
-0.659578562 -3.07867575 -0.68395257 2.16054797 1.61190772 1.81236196 0.476476669 -0.54032433 0.731348038 1.13522339 1.16671085 -0.534169912 7.29537773 2.86454773 -9.04392815 -1.83657837 5.62506104 0.954555511
-2.25860429 -1.33903122 2.6740315 1.92121196 -0.93650794 -2.15873814 0.579119444 0.0875172615 -0.995452523 1.52770329 1.39017749 0.776414394 1.1963768 5.10632706 -0.912210464 -0.916927338 -7.78356934 -2.18644857
0.731261015 2.05046439 -0.671644211 -0.669637442 0.0635955334 2.23865008 -0.911591649 -0.864092708 -1.22642994 -1.12935722 0.127534866 -1.5458442 -8.46674633 1.37704086 3.09131813 1.66596317 2.60433006 -7.49831867
0.92869544 -0.218663216 -0.367558718 1.97658324 0.827289104 -0.387945414 -0.3947891 0.222037077 1.28234577 -0.20132041 0.225661039 1.86363053 6.61850166 -0.971421242 5.86008453 -0.0200519562 -9.73405075 -4.58820915
1.67454553 2.69792676 1.1167233 1.17355275 -2.93957758 2.49184203 1.5148387 1.87711143 0.56850028 -0.795545101 -1.28666449 0.989501476 -4.49439001 1.3378067 -0.562322617 -9.42771339 -7.94919491 -9.78043842
0.461472511 0.277904034 2.06201673 1.67535186 0.233509302 -0.706036568 -1.02319062 -1.54545307 1.45588613 0.609374285 -0.547827721 -1.80382454 -5.21554565 1.99116516 -3.83681011 0.462802887 -3.671525 9.21652603
1.93819165 0.112841129 2.01669955 1.87589431 -2.6947372 -2.69991255 -0.903265238 -0.410684466 1.69968987 0.800392866 -1.48700416 1.79136944 -7.86021614 -4.33534241 -2.19889641 -6.86648607 -0.550730705 1.61102486
-2.87628007 2.90955758 3.06552196 -1.21359563 0.91228652 1.80537009 -0.369340181 0.0545578003 -1.60170209 1.90832424 1.17558408 0.150686026 6.59666824 7.87533951 5.93934059 -9.80272579 0.630993843 -3.54017019
1.70236325 1.27244449 1.15468478 1.40543485 1.75018287 2.63262486 -0.401500463 0.949966431 -1.95468903 0.286583424 1.54465389 -0.330330133 0.506071091 -4.79694462 -6.99458647 -3.37880135 8.90412712 6.62140274
1.36796403 -1.80440366 2.08572984 2.12109113 -2.16582608 0.113431931 -1.3614645 -0.288632274 -1.44630539 1.41121674 0.122621536 -1.86194098 0.7757864 5.13057899 0.959827423 1.25318718 -4.55852747 9.90706825
-2.75742269 -0.588087559 -2.75685263 1.74994349 -2.93758631 -0.552920818 -0.524910331 -0.174522638 0.229919434 -0.384809852 0.488333464 0.661221743 -4.1688242 -6.70793629 -4.18746281 6.48506546 9.33776093 -1.14838219
2.5666573 2.14909911 1.96550965 3.03090024 -0.0881745815 0.0478549004 0.570342302 1.02513027 -0.441173196 1.23232007 1.51652932 1.52222776 5.88776398 -9.51554012 -7.74026966 -0.961654663 -0.958610535 3.63449097
0.235947371 3.0715487 1.54427695 -2.18936062 1.61746526 -3.01321697 1.10890675 1.17096806 0.321771622 0.49528861 -1.49528623 0.384753942 -8.85999775 8.52550888 -7.46901321 -8.34771538 -6.24983549 -0.0747623444
-1.86972332 2.53748679 -2.50585318 0.239646673 -3.10642219 1.92273688 1.62981439 1.84008765 -1.94546461 0.376978874 1.09906149 0.914906979 4.61958981 -1.07836533 -9.80746746 -3.59032249 8.79887962 -5.10867167
-2.76291132 -1.88978553 -1.6589843 1.92165875 2.91719556 1.97834229 0.515261412 -1.28649664 0.366210461 1.34115934 0.186184645 -0.6114887 4.28837585 -4.18116093 -4.8092432 8.5650177 -2.46633339 -2.30159521
-2.72958684 0.641650438 -0.552006483 -2.9172039 -0.797558784 2.94345403 -0.644413948 -0.786072016 0.581866741 1.05819273 1.93966365 1.99698806 0.960255623 -4.45004511 -0.586523056 -9.07472801 -6.12501812 -9.84962654
-0.663971901 2.09964299 -0.35908556 0.739138603 -1.43661201 -0.488761187 0.526804686 -0.144163609 -1.90338647 -0.639185071 -1.10738611 -1.57032967 4.81252575 -4.6581583 -7.54570341 8.61641312 -2.08594513 -3.8483181
-2.8375361 -3.004529 -1.261361 -2.650877 2.73163867 0.651386499 -1.2136786 1.4353683 1.80321336 1.84338617 -1.05364108 1.63747787 -7.41586447 -6.82070494 -7.21569109 -1.72758961 7.67873383 -5.55749846
-0.257003784 0.0249979496 2.50676751 -2.95155334 2.397434 3.08234477 1.43637967 0.4817276 1.54093719 -1.65129018 1.37655711 1.59785342 -7.00163364 -9.11850357 -4.50096655 -5.07911348 2.96421146 5.73313618
1.35771632 -0.238333941 1.63301492 2.17412257 -0.438390255 1.90539575 -0.041263938 -1.5908159 0.591958046 -0.795927763 1.82735491 -1.97470593 -2.75872278 9.77770805 9.5390358 4.73163605 8.02038383 5.82032013
0.342777729 -2.78890514 1.07095885 0.277090549 -2.04135299 -0.168291092 -0.9860605 1.48978019 1.63739467 -1.94963527 -1.69485784 0.971334696 -4.2097683 -1.2938776 2.22165108 7.11151695 7.41333199 -3.40715885
0.48562026 -0.763017178 -1.696679 -3.04196024 -0.948491096 1.88349175 -1.39835143 1.42785597 0.790472031 -0.217378855 -1.67746329 -0.442596793 -5.42779207 9.01622772 2.74023819 4.23717403 -8.79007626 8.12210846
-0.528073072 -1.52175558 -1.73497796 -1.36805975 1.98382831 -1.75627303 -1.97742665 0.37711668 0.763604641 -0.503350973 -1.38813472 -1.03619695 -0.441438675 -1.42207813 -7.80158806 3.89273548 2.34179974 7.27793503
2.01170659 -1.95816731 0.694731951 -1.97129905 2.21678185 1.39266658 0.786004543 1.56190848 0.296963453 0.749289751 -0.687540412 -1.2649591 0.654906273 -0.350100517 -1.65112782 7.78792572 -6.78748798 7.65978432
2.26012588 -2.09089184 2.11408925 2.99240708 2.34732652 -2.60576248 -0.377482176 0.433025122 -0.910436511 -0.517119765 -0.53472054 -0.277488232 9.27185059 8.27175331 1.40167236 -0.54289341 6.14726639 7.32119751
1.11708522 0.416415215 -2.23043776 2.36100507 2.7371943 -2.47130537 1.48615718 1.06133437 1.4614048 0.881794691 0.799719334 -0.331349373 -7.04906654 1.53271484 -6.97547626 -6.02050638 0.325576782 -2.70309258
0.236486197 1.74747586 1.30074954 2.19064784 2.70673537 1.93200612 1.92064548 -1.97970665 -0.91108954 1.35921502 -1.84900188 -0.152343154 2.24072933 -6.78379345 -0.677253723 -5.92766953 -7.32089901 -3.41248608
2.99708867 1.45793939 -1.10258198 -0.434931278 2.38485646 -0.630904436 0.585274935 -1.13895297 -0.221212387 0.278176546 -0.55049324 -1.21705139 3.90793419 -0.210913658 4.03153038 8.68928528 -0.280804634 4.9868145
1.22799563 -0.0835056305 -2.55440688 1.06888938 1.67141795 -1.54259694 -0.0538719893 0.0243659019 1.81206036 1.55248237 -0.789044023 -0.898440123 7.64294815 4.04860973 -3.34179211 2.86105061 -0.859157562 9.06905746
-3.07016778 0.499442577 -2.16328621 2.38593364 -2.87903953 2.43712401 0.0356411934 0.916826487 -1.17583346 0.878347158 0.0529668331 0.719691992 -9.37843704 6.07209778 -3.90455914 -6.40614414 0.345586777 -7.81517458
2.1058948 -2.00241065 2.12876391 -3.02925158 2.26723886 -2.95037746 -1.56093001 -0.508356214 -0.572834015 -0.625809908 -1.67945564 -1.84744847 9.70444298 -2.74426842 -3.26696157 3.35286713 1.435256 -7.49668741
1.83487678 0.130316019 2.34045911 1.4845593 -1.19495797 0.503406048 -0.714883447 -0.64094913 0.29645586 -0.473657489 -0.0611386299 1.27008843 8.15818787 3.78782749 -9.18284512 7.51175308 4.0144434 -7.01443624
-2.43659472 2.50886369 1.07382131 1.89240098 0.125316858 -2.4116292 -0.532898784 1.70334196 0.404643774 0.157313108 0.633538246 -0.756320477 -6.50523615 0.632221222 6.57567215 -8.53701591 3.79056549 -6.12546349
-2.87522101 0.241746426 1.212466 1.16134763 2.55142188 1.12468505 -0.133832335 -1.44547093 0.287730932 1.23877311 1.87741327 -1.0906496 -5.2952652 -5.53274059 -8.60147858 -5.28086853 3.52017498 7.85923767
1.68249488 -1.21186638 -0.180669546 -1.57839847 1.54162526 -2.92202663 1.99603724 -1.8852917 -1.05611825 -1.06739283 -1.37659979 0.350607157 -2.70291805 -2.07263088 6.91159248 0.967136383 -7.75572872 3.69062996
2.85581517 2.18722987 -0.240474224 1.24252915 0.123569012 -2.35735989 -0.205577016 0.86818552 0.943156004 -1.6231482 0.130861759 -0.119548917 8.43246269 -5.10381079 7.23733139 0.374685287 -0.576973915 4.25519848
0.516470194 0.26588726 0.405930758 1.64593768 -2.21653938 1.23486876 1.57417059 0.210018158 -1.06755698 -0.609357238 0.683919668 -1.85441172 -8.07112122 4.50304985 9.72861099 -5.25514555 -9.86118889 1.9557085
0.629031658 -0.825589895 2.72624326 2.56668687 -0.128008127 -2.68100858 0.120183945 0.975543022 0.464259148 0.252231836 -1.24553037 1.64724278 -4.24846077 4.69538784 6.68513107 -2.48397064 -4.64378262 0.352702141
